"flight_id","город_отправления","город_прибытия","data","bus","eco","comf","total","lost_total","lost_share_pct","kol_pas","proc_zap"
19667,Новосибирск,Москва,2017-05-20 14:20:00.000 +0300,2268000.00,6608000.00,1761200.00,3248000.00,10637200.00,76.61,102,25.37
19681,Новосибирск,Москва,2017-05-17 14:20:00.000 +0300,1932000.00,6944000.00,1761200.00,3250800.00,10637200.00,76.59,94,23.38
19618,Новосибирск,Москва,2017-05-19 14:20:00.000 +0300,2100000.00,6636000.00,1808800.00,3346000.00,10544800.00,75.91,102,25.37
19631,Новосибирск,Москва,2017-05-21 14:20:00.000 +0300,2016000.00,6720000.00,1666000.00,3480400.00,10402000.00,74.93,103,25.62
19668,Новосибирск,Москва,2017-05-18 14:20:00.000 +0300,2016000.00,6608000.00,1713600.00,3547600.00,10337600.00,74.45,106,26.37
19567,Новосибирск,Москва,2017-05-18 11:50:00.000 +0300,2008800.00,6193800.00,1659000.00,3967000.00,9861600.00,71.31,121,30.10
19581,Новосибирск,Москва,2017-05-17 11:50:00.000 +0300,1590300.00,6556500.00,1611600.00,4081400.00,9758400.00,70.51,114,28.36
19684,Новосибирск,Москва,2017-05-22 14:20:00.000 +0300,1764000.00,6160000.00,1666000.00,4298000.00,9590000.00,69.05,126,31.34
19633,Новосибирск,Москва,2017-05-23 14:20:00.000 +0300,1764000.00,6272000.00,1475600.00,4373600.00,9511600.00,68.50,126,31.34
19546,Новосибирск,Москва,2017-05-19 11:50:00.000 +0300,1506600.00,6193800.00,1706400.00,4424600.00,9406800.00,68.01,126,31.34
19534,Новосибирск,Москва,2017-05-20 11:50:00.000 +0300,1757700.00,6110100.00,1516800.00,4446800.00,9384600.00,67.85,130,32.34
19517,Новосибирск,Москва,2017-05-21 11:50:00.000 +0300,1590300.00,6305400.00,1469400.00,4466300.00,9365100.00,67.71,126,31.34
19500,Новосибирск,Москва,2017-05-22 11:50:00.000 +0300,1255500.00,5886900.00,1564200.00,5130400.00,8706600.00,62.92,143,35.57
19485,Новосибирск,Москва,2017-05-23 11:50:00.000 +0300,1171800.00,5803200.00,1469400.00,5392600.00,8444400.00,61.03,149,37.06
19624,Новосибирск,Москва,2017-05-24 14:20:00.000 +0300,1428000.00,5460000.00,1190000.00,5807200.00,8078000.00,58.18,165,41.04
10432,Москва,Новосибирск,2017-05-19 11:45:00.000 +0300,1680000.00,5040000.00,1285200.00,5891200.00,8005200.00,57.61,175,43.53
10424,Москва,Новосибирск,2017-05-21 11:45:00.000 +0300,1680000.00,4928000.00,1332800.00,5947200.00,7940800.00,57.18,178,44.28
10433,Москва,Новосибирск,2017-05-17 11:45:00.000 +0300,1260000.00,5208000.00,1380400.00,6048000.00,7848400.00,56.48,172,42.79
19647,Новосибирск,Москва,2017-05-25 14:20:00.000 +0300,1428000.00,5068000.00,1285200.00,6118000.00,7781200.00,55.98,177,44.03
10454,Москва,Новосибирск,2017-05-18 11:45:00.000 +0300,1428000.00,4648000.00,1428000.00,6381200.00,7504000.00,54.04,189,47.01
19655,Новосибирск,Москва,2017-05-26 14:20:00.000 +0300,1260000.00,4676000.00,1428000.00,6532400.00,7364000.00,52.99,190,47.26
19471,Новосибирск,Москва,2017-05-24 11:50:00.000 +0300,1088100.00,4854600.00,1090200.00,6804100.00,7032900.00,50.83,192,47.76
10491,Москва,Новосибирск,2017-05-20 11:45:00.000 +0300,1008000.00,4900000.00,999600.00,6994400.00,6907600.00,49.69,194,48.26
10444,Москва,Новосибирск,2017-05-23 11:45:00.000 +0300,756000.00,4900000.00,1190000.00,7044800.00,6846000.00,49.28,193,48.01
10505,Москва,Новосибирск,2017-05-22 11:45:00.000 +0300,1428000.00,4228000.00,1142400.00,7092400.00,6798400.00,48.94,210,52.24
19474,Новосибирск,Москва,2017-05-25 11:50:00.000 +0300,1088100.00,4380300.00,1042800.00,7331400.00,6511200.00,47.04,210,52.24
557,Москва,Новосибирск,2017-05-17 11:05:00.000 +0300,1004400.00,4296600.00,1185000.00,7356600.00,6486000.00,46.86,211,52.49
601,Москва,Новосибирск,2017-05-21 11:05:00.000 +0300,1422900.00,3822300.00,995400.00,7599200.00,6240600.00,45.09,227,56.47
515,Москва,Новосибирск,2017-05-18 11:05:00.000 +0300,1255500.00,4129200.00,853200.00,7610300.00,6237900.00,45.04,221,54.98
551,Москва,Новосибирск,2017-05-20 11:05:00.000 +0300,1088100.00,4073400.00,948000.00,7735900.00,6109500.00,44.13,223,55.47
10461,Москва,Новосибирск,2017-05-25 11:45:00.000 +0300,1092000.00,4032000.00,904400.00,7868000.00,6028400.00,43.38,226,56.22
542,Москва,Новосибирск,2017-05-19 11:05:00.000 +0300,837000.00,4129200.00,995400.00,7886600.00,5961600.00,43.05,223,55.47
10420,Москва,Новосибирск,2017-05-24 11:45:00.000 +0300,924000.00,3892000.00,1094800.00,7988400.00,5910800.00,42.53,229,56.97
516,Москва,Новосибирск,2017-05-22 11:05:00.000 +0300,837000.00,3989700.00,1042800.00,7970300.00,5869500.00,42.41,227,56.47
19685,Новосибирск,Москва,2017-08-03 14:20:00.000 +0300,1176000.00,3528000.00,1047200.00,8150800.00,5751200.00,41.37,240,59.70
19589,Новосибирск,Москва,2017-07-03 14:20:00.000 +0300,756000.00,3864000.00,1094800.00,8178800.00,5714800.00,41.13,232,57.71
10478,Москва,Новосибирск,2017-05-27 11:45:00.000 +0300,1092000.00,3920000.00,666400.00,8215200.00,5678400.00,40.87,235,58.46
19703,Новосибирск,Москва,2017-05-27 14:20:00.000 +0300,1092000.00,3444000.00,1047200.00,8310400.00,5583200.00,40.19,244,60.70
19609,Новосибирск,Москва,2017-06-12 14:20:00.000 +0300,1092000.00,3332000.00,1142400.00,8338400.00,5566400.00,40.03,246,61.19
19670,Новосибирск,Москва,2017-08-13 14:20:00.000 +0300,1344000.00,3080000.00,1142400.00,8332800.00,5566400.00,40.05,252,62.69
10392,Москва,Новосибирск,2017-06-02 11:45:00.000 +0300,1008000.00,3332000.00,1190000.00,8363600.00,5530000.00,39.80,246,61.19
19645,Новосибирск,Москва,2017-06-06 14:20:00.000 +0300,924000.00,3500000.00,1047200.00,8428000.00,5471200.00,39.36,244,60.70
19656,Новосибирск,Москва,2017-06-18 14:20:00.000 +0300,1008000.00,3696000.00,761600.00,8439200.00,5465600.00,39.31,242,60.20
10431,Москва,Новосибирск,2017-06-09 11:45:00.000 +0300,1176000.00,3192000.00,1047200.00,8475600.00,5415200.00,38.98,252,62.69
28922,Пермь,Москва,2017-05-17 18:55:00.000 +0300,945000.00,3568500.00,875600.00,408000.00,5389100.00,92.96,26,6.47
19490,Новосибирск,Москва,2017-05-26 11:50:00.000 +0300,753300.00,3348000.00,1279800.00,8472700.00,5381100.00,38.84,246,61.19
19679,Новосибирск,Москва,2017-06-14 14:20:00.000 +0300,1344000.00,3052000.00,952000.00,8545600.00,5348000.00,38.49,257,63.93
567,Москва,Новосибирск,2017-05-23 11:05:00.000 +0300,585900.00,3654900.00,1090200.00,8508800.00,5331000.00,38.52,241,59.95
60732,Сочи,Москва,2017-05-20 18:15:00.000 +0300,926200.00,3388000.00,1003800.00,1631000.00,5318000.00,76.53,96,23.88
28899,Пермь,Москва,2017-05-21 18:55:00.000 +0300,980000.00,3463200.00,855700.00,498200.00,5298900.00,91.41,35,8.71
60731,Сочи,Москва,2017-05-17 18:15:00.000 +0300,926200.00,3486000.00,884300.00,1652500.00,5296500.00,76.22,94,23.38
60668,Сочи,Москва,2017-05-21 18:15:00.000 +0300,1010400.00,3388000.00,884300.00,1670500.00,5282700.00,75.98,99,24.63
28874,Пермь,Москва,2017-05-19 18:55:00.000 +0300,910000.00,3486600.00,875600.00,523800.00,5272200.00,90.96,34,8.46
28920,Пермь,Москва,2017-05-20 18:55:00.000 +0300,980000.00,3416400.00,875600.00,526200.00,5272000.00,90.92,38,9.45
60696,Сочи,Москва,2017-05-19 18:15:00.000 +0300,926200.00,3500000.00,836500.00,1687700.00,5262700.00,75.72,95,23.63
60653,Сочи,Москва,2017-05-18 18:15:00.000 +0300,926200.00,3458000.00,860400.00,1705800.00,5244600.00,75.46,97,24.13
19653,Новосибирск,Москва,2017-07-12 14:20:00.000 +0300,1176000.00,3304000.00,714000.00,8710800.00,5194000.00,37.35,255,63.43
19592,Новосибирск,Москва,2017-07-10 14:20:00.000 +0300,1092000.00,3276000.00,809200.00,8719200.00,5177200.00,37.26,255,63.43
60706,Сочи,Москва,2017-05-22 18:15:00.000 +0300,968300.00,3332000.00,860400.00,1789700.00,5160700.00,74.25,105,26.12
28828,Пермь,Москва,2017-05-22 18:55:00.000 +0300,875000.00,3381300.00,855700.00,686200.00,5112000.00,88.17,45,11.19
19694,Новосибирск,Москва,2017-06-28 14:20:00.000 +0300,924000.00,3416000.00,761600.00,8794800.00,5101600.00,36.71,253,62.94
19650,Новосибирск,Москва,2017-05-28 14:20:00.000 +0300,840000.00,3528000.00,714000.00,8808800.00,5082000.00,36.59,251,62.44
19659,Новосибирск,Москва,2017-07-28 14:20:00.000 +0300,1092000.00,3080000.00,904400.00,8820000.00,5076400.00,36.53,260,64.68
10408,Москва,Новосибирск,2017-07-26 11:45:00.000 +0300,924000.00,3528000.00,618800.00,8825600.00,5070800.00,36.49,252,62.69
10472,Москва,Новосибирск,2017-06-29 11:45:00.000 +0300,1008000.00,3108000.00,952000.00,8839600.00,5068000.00,36.44,259,64.43
19678,Новосибирск,Москва,2017-05-29 14:20:00.000 +0300,840000.00,3360000.00,856800.00,8845200.00,5056800.00,36.37,254,63.18
19628,Новосибирск,Москва,2017-06-26 14:20:00.000 +0300,1092000.00,3248000.00,714000.00,8842400.00,5054000.00,36.37,258,64.18
10506,Москва,Новосибирск,2017-07-16 11:45:00.000 +0300,840000.00,3444000.00,761600.00,8856400.00,5045600.00,36.29,253,62.94
19696,Новосибирск,Москва,2017-07-23 14:20:00.000 +0300,840000.00,2996000.00,1190000.00,8870400.00,5026000.00,36.17,260,64.68
10438,Москва,Новосибирск,2017-05-26 11:45:00.000 +0300,672000.00,3444000.00,856800.00,8918000.00,4972800.00,35.80,253,62.94
603,Москва,Новосибирск,2017-05-24 11:05:00.000 +0300,1004400.00,2929500.00,995400.00,8916100.00,4929300.00,35.60,264,65.67
19587,Новосибирск,Москва,2017-06-30 14:20:00.000 +0300,672000.00,3248000.00,999600.00,8982400.00,4919600.00,35.39,257,63.93
19689,Новосибирск,Москва,2017-07-15 14:20:00.000 +0300,840000.00,3248000.00,809200.00,8999200.00,4897200.00,35.24,259,64.43
10446,Москва,Новосибирск,2017-06-22 11:45:00.000 +0300,1008000.00,3220000.00,666400.00,9004800.00,4894400.00,35.21,261,64.93
10410,Москва,Новосибирск,2017-06-30 11:45:00.000 +0300,840000.00,3276000.00,761600.00,9018800.00,4877600.00,35.10,259,64.43
10402,Москва,Новосибирск,2017-08-15 11:45:00.000 +0300,840000.00,3220000.00,809200.00,9030000.00,4869200.00,35.03,260,64.68
10439,Москва,Новосибирск,2017-07-09 11:45:00.000 +0300,1176000.00,2688000.00,999600.00,9038400.00,4863600.00,34.98,271,67.41
19613,Новосибирск,Москва,2017-08-15 14:20:00.000 +0300,1176000.00,3164000.00,523600.00,9032800.00,4863600.00,35.00,264,65.67
19586,Новосибирск,Москва,2017-06-07 14:20:00.000 +0300,924000.00,3080000.00,856800.00,9024400.00,4860800.00,35.01,263,65.42
19663,Новосибирск,Москва,2017-07-20 14:20:00.000 +0300,840000.00,3304000.00,714000.00,9035600.00,4858000.00,34.97,259,64.43
19636,Новосибирск,Москва,2017-06-21 14:20:00.000 +0300,840000.00,2968000.00,1047200.00,9044000.00,4855200.00,34.93,264,65.67
10412,Москва,Новосибирск,2017-07-20 11:45:00.000 +0300,1008000.00,2940000.00,904400.00,9049600.00,4852400.00,34.90,266,66.17
10486,Москва,Новосибирск,2017-06-19 11:45:00.000 +0300,924000.00,3192000.00,714000.00,9066400.00,4830000.00,34.76,262,65.17
19617,Новосибирск,Москва,2017-06-19 14:20:00.000 +0300,1260000.00,2884000.00,666400.00,9091600.00,4810400.00,34.60,270,67.16
19598,Новосибирск,Москва,2017-08-05 14:20:00.000 +0300,924000.00,3024000.00,856800.00,9091600.00,4804800.00,34.58,265,65.92
19611,Новосибирск,Москва,2017-08-12 14:20:00.000 +0300,840000.00,3136000.00,809200.00,9119600.00,4785200.00,34.41,263,65.42
19588,Новосибирск,Москва,2017-07-07 14:20:00.000 +0300,756000.00,3108000.00,904400.00,9122400.00,4768400.00,34.33,263,65.42
19702,Новосибирск,Москва,2017-06-23 14:20:00.000 +0300,756000.00,3528000.00,476000.00,9133600.00,4760000.00,34.26,257,63.93
28889,Пермь,Москва,2017-05-23 18:55:00.000 +0300,945000.00,3006900.00,796000.00,1051400.00,4747900.00,81.87,78,19.40
21592,Екатеринбург,Москва,2017-05-17 08:10:00.000 +0300,775800.00,3240000.00,732000.00,2386200.00,4747800.00,66.55,129,32.09
21554,Екатеринбург,Москва,2017-05-19 08:10:00.000 +0300,991300.00,2966400.00,756400.00,2422700.00,4714100.00,66.05,142,35.32
10483,Москва,Новосибирск,2017-07-04 11:45:00.000 +0300,672000.00,3164000.00,856800.00,9212000.00,4692800.00,33.75,263,65.42
10457,Москва,Новосибирск,2017-07-28 11:45:00.000 +0300,756000.00,3024000.00,904400.00,9220400.00,4684400.00,33.69,266,66.17
19644,Новосибирск,Москва,2017-08-14 14:20:00.000 +0300,756000.00,3304000.00,618800.00,9217600.00,4678800.00,33.67,262,65.17
10399,Москва,Новосибирск,2017-07-11 11:45:00.000 +0300,1176000.00,3024000.00,476000.00,9223200.00,4676000.00,33.64,270,67.16
19695,Новосибирск,Москва,2017-05-30 14:20:00.000 +0300,1092000.00,2940000.00,618800.00,9248400.00,4650800.00,33.46,271,67.41
19595,Новосибирск,Москва,2017-07-02 14:20:00.000 +0300,840000.00,2800000.00,999600.00,9248400.00,4639600.00,33.41,271,67.41
19627,Новосибирск,Москва,2017-07-22 14:20:00.000 +0300,840000.00,3164000.00,618800.00,9273600.00,4622800.00,33.27,266,66.17
21623,Екатеринбург,Москва,2017-05-20 08:10:00.000 +0300,775800.00,2966400.00,878400.00,2510600.00,4620600.00,64.79,142,35.32
19662,Новосибирск,Москва,2017-07-06 14:20:00.000 +0300,924000.00,3024000.00,666400.00,9284800.00,4614400.00,33.20,269,66.92
19621,Новосибирск,Москва,2017-06-29 14:20:00.000 +0300,1092000.00,2856000.00,666400.00,9287600.00,4614400.00,33.19,273,67.91
19698,Новосибирск,Москва,2017-08-02 14:20:00.000 +0300,756000.00,2996000.00,856800.00,9287600.00,4608800.00,33.17,268,66.67
19674,Новосибирск,Москва,2017-06-16 14:20:00.000 +0300,1092000.00,2800000.00,714000.00,9296000.00,4606000.00,33.13,274,68.16
10490,Москва,Новосибирск,2017-06-08 11:45:00.000 +0300,840000.00,2856000.00,904400.00,9304400.00,4600400.00,33.08,271,67.41
10418,Москва,Новосибирск,2017-07-02 11:45:00.000 +0300,756000.00,3080000.00,761600.00,9312800.00,4597600.00,33.05,267,66.42
10447,Москва,Новосибирск,2017-07-06 11:45:00.000 +0300,1008000.00,2436000.00,1142400.00,9318400.00,4586400.00,32.98,279,69.40
19688,Новосибирск,Москва,2017-06-03 14:20:00.000 +0300,1008000.00,2856000.00,714000.00,9318400.00,4578000.00,32.94,273,67.91
10400,Москва,Новосибирск,2017-05-28 11:45:00.000 +0300,840000.00,3024000.00,714000.00,9310000.00,4578000.00,32.96,269,66.92
10480,Москва,Новосибирск,2017-06-16 11:45:00.000 +0300,672000.00,3332000.00,571200.00,9326800.00,4575200.00,32.91,263,65.42
21643,Екатеринбург,Москва,2017-05-18 08:10:00.000 +0300,862000.00,2980800.00,707600.00,2582200.00,4550400.00,63.80,146,36.32
19608,Новосибирск,Москва,2017-07-25 14:20:00.000 +0300,924000.00,2912000.00,714000.00,9349200.00,4550000.00,32.74,272,67.66
10477,Москва,Новосибирск,2017-08-09 11:45:00.000 +0300,588000.00,3332000.00,618800.00,9360400.00,4538800.00,32.66,263,65.42
10473,Москва,Новосибирск,2017-06-14 11:45:00.000 +0300,756000.00,2828000.00,952000.00,9360400.00,4536000.00,32.64,272,67.66
19526,Новосибирск,Москва,2017-05-28 11:50:00.000 +0300,1255500.00,2566800.00,711000.00,9314900.00,4533300.00,32.74,280,69.65
19623,Новосибирск,Москва,2017-06-22 14:20:00.000 +0300,756000.00,2968000.00,809200.00,9366000.00,4533200.00,32.61,270,67.16
19584,Новосибирск,Москва,2017-08-01 14:20:00.000 +0300,504000.00,3248000.00,761600.00,9371600.00,4513600.00,32.51,264,65.67
10451,Москва,Новосибирск,2017-06-24 11:45:00.000 +0300,1260000.00,2492000.00,761600.00,9388400.00,4513600.00,32.47,282,70.15
28837,Пермь,Москва,2017-05-24 18:55:00.000 +0300,805000.00,2889900.00,815900.00,1287400.00,4510800.00,77.80,91,22.64
19606,Новосибирск,Москва,2017-06-24 14:20:00.000 +0300,672000.00,3024000.00,809200.00,9391200.00,4505200.00,32.42,269,66.92
19660,Новосибирск,Москва,2017-08-04 14:20:00.000 +0300,1092000.00,2744000.00,666400.00,9388400.00,4502400.00,32.41,277,68.91
10452,Москва,Новосибирск,2017-07-25 11:45:00.000 +0300,924000.00,2856000.00,714000.00,9408000.00,4494000.00,32.33,274,68.16
10437,Москва,Новосибирск,2017-07-23 11:45:00.000 +0300,672000.00,3248000.00,571200.00,9408000.00,4491200.00,32.31,266,66.17
19682,Новосибирск,Москва,2017-07-11 14:20:00.000 +0300,504000.00,3080000.00,904400.00,9408000.00,4488400.00,32.30,267,66.42
19602,Новосибирск,Москва,2017-07-24 14:20:00.000 +0300,1176000.00,2548000.00,761600.00,9405200.00,4485600.00,32.29,281,69.90
10458,Москва,Новосибирск,2017-06-07 11:45:00.000 +0300,924000.00,2940000.00,618800.00,9413600.00,4482800.00,32.26,273,67.91
19625,Новосибирск,Москва,2017-07-09 14:20:00.000 +0300,672000.00,3192000.00,618800.00,9419200.00,4482800.00,32.25,267,66.42
19642,Новосибирск,Москва,2017-08-09 14:20:00.000 +0300,672000.00,2856000.00,952000.00,9410800.00,4480000.00,32.25,272,67.66
60630,Сочи,Москва,2017-05-23 18:15:00.000 +0300,884100.00,2800000.00,788700.00,2479000.00,4472800.00,64.34,148,36.82
19643,Новосибирск,Москва,2017-05-31 14:20:00.000 +0300,840000.00,2912000.00,714000.00,9436000.00,4466000.00,32.12,273,67.91
10503,Москва,Новосибирск,2017-06-12 11:45:00.000 +0300,756000.00,2996000.00,714000.00,9436000.00,4466000.00,32.12,271,67.41
19671,Новосибирск,Москва,2017-06-04 14:20:00.000 +0300,1008000.00,2884000.00,571200.00,9438800.00,4463200.00,32.10,275,68.41
19585,Новосибирск,Москва,2017-06-05 14:20:00.000 +0300,1008000.00,2548000.00,904400.00,9441600.00,4460400.00,32.08,280,69.65
28855,Пермь,Москва,2017-05-18 18:55:00.000 +0300,0,3580200.00,875600.00,290200.00,4455800.00,93.89,22,5.47
19640,Новосибирск,Москва,2017-06-15 14:20:00.000 +0300,672000.00,2828000.00,952000.00,9444400.00,4452000.00,32.04,273,67.91
10489,Москва,Новосибирск,2017-07-21 11:45:00.000 +0300,924000.00,2716000.00,809200.00,9444400.00,4449200.00,32.02,277,68.91
10409,Москва,Новосибирск,2017-07-27 11:45:00.000 +0300,924000.00,2744000.00,761600.00,9472400.00,4429600.00,31.86,277,68.91
19672,Новосибирск,Москва,2017-06-08 14:20:00.000 +0300,1092000.00,2716000.00,618800.00,9469600.00,4426800.00,31.86,279,69.40
10470,Москва,Новосибирск,2017-07-08 11:45:00.000 +0300,924000.00,2884000.00,618800.00,9472400.00,4426800.00,31.85,275,68.41
19658,Новосибирск,Москва,2017-06-27 14:20:00.000 +0300,1260000.00,2604000.00,523600.00,9508800.00,4387600.00,31.57,283,70.40
10413,Москва,Новосибирск,2017-08-12 11:45:00.000 +0300,840000.00,3024000.00,523600.00,9503200.00,4387600.00,31.59,273,67.91
19632,Новосибирск,Москва,2017-07-29 14:20:00.000 +0300,756000.00,3052000.00,571200.00,9520000.00,4379200.00,31.51,272,67.66
19605,Новосибирск,Москва,2017-07-13 14:20:00.000 +0300,756000.00,2856000.00,761600.00,9522800.00,4373600.00,31.47,275,68.41
10484,Москва,Новосибирск,2017-05-30 11:45:00.000 +0300,840000.00,2772000.00,761600.00,9531200.00,4373600.00,31.45,277,68.91
10479,Москва,Новосибирск,2017-07-14 11:45:00.000 +0300,1092000.00,2548000.00,714000.00,9545200.00,4354000.00,31.33,283,70.40
10419,Москва,Новосибирск,2017-08-13 11:45:00.000 +0300,924000.00,2856000.00,571200.00,9550800.00,4351200.00,31.30,277,68.91
10501,Москва,Новосибирск,2017-07-13 11:45:00.000 +0300,1176000.00,2604000.00,571200.00,9550800.00,4351200.00,31.30,283,70.40
21579,Екатеринбург,Москва,2017-05-22 08:10:00.000 +0300,517200.00,2966400.00,854000.00,2799200.00,4337600.00,60.78,149,37.06
485,Москва,Новосибирск,2017-05-25 11:05:00.000 +0300,837000.00,2929500.00,568800.00,9512900.00,4335300.00,31.31,275,68.41
19614,Новосибирск,Москва,2017-07-27 14:20:00.000 +0300,1008000.00,2660000.00,666400.00,9570400.00,4334400.00,31.17,281,69.90
19661,Новосибирск,Москва,2017-07-19 14:20:00.000 +0300,756000.00,2716000.00,856800.00,9573200.00,4328800.00,31.14,278,69.15
10445,Москва,Новосибирск,2017-06-27 11:45:00.000 +0300,1008000.00,2744000.00,571200.00,9576000.00,4323200.00,31.10,280,69.65
19686,Новосибирск,Москва,2017-06-13 14:20:00.000 +0300,420000.00,2996000.00,904400.00,9576000.00,4320400.00,31.09,271,67.41
21580,Екатеринбург,Москва,2017-05-23 08:10:00.000 +0300,603400.00,2952000.00,756400.00,2823600.00,4311800.00,60.43,152,37.81
21611,Екатеринбург,Москва,2017-05-21 08:10:00.000 +0300,689600.00,2923200.00,683200.00,2842200.00,4296000.00,60.18,155,38.56
10427,Москва,Новосибирск,2017-06-13 11:45:00.000 +0300,1008000.00,2604000.00,666400.00,9623600.00,4278400.00,30.78,283,70.40
19635,Новосибирск,Москва,2017-07-14 14:20:00.000 +0300,672000.00,2604000.00,999600.00,9629200.00,4275600.00,30.75,280,69.65
10389,Москва,Новосибирск,2017-07-18 11:45:00.000 +0300,588000.00,2828000.00,856800.00,9632000.00,4272800.00,30.73,276,68.66
19591,Новосибирск,Москва,2017-07-18 14:20:00.000 +0300,336000.00,3220000.00,714000.00,9632000.00,4270000.00,30.72,268,66.67
10404,Москва,Новосибирск,2017-06-05 11:45:00.000 +0300,924000.00,2576000.00,761600.00,9643200.00,4261600.00,30.65,283,70.40
10453,Москва,Новосибирск,2017-06-23 11:45:00.000 +0300,1008000.00,2632000.00,618800.00,9637600.00,4258800.00,30.65,283,70.40
10485,Москва,Новосибирск,2017-06-06 11:45:00.000 +0300,840000.00,2744000.00,666400.00,9657200.00,4250400.00,30.56,280,69.65
19603,Новосибирск,Москва,2017-07-31 14:20:00.000 +0300,756000.00,2856000.00,618800.00,9671200.00,4230800.00,30.43,278,69.15
19599,Новосибирск,Москва,2017-07-01 14:20:00.000 +0300,924000.00,2632000.00,666400.00,9676800.00,4222400.00,30.38,283,70.40
10422,Москва,Новосибирск,2017-06-21 11:45:00.000 +0300,504000.00,2856000.00,856800.00,9682400.00,4216800.00,30.34,276,68.66
10471,Москва,Новосибирск,2017-07-29 11:45:00.000 +0300,840000.00,2660000.00,714000.00,9693600.00,4214000.00,30.30,282,70.15
10403,Москва,Новосибирск,2017-08-05 11:45:00.000 +0300,672000.00,2968000.00,571200.00,9682400.00,4211200.00,30.31,276,68.66
10442,Москва,Новосибирск,2017-08-01 11:45:00.000 +0300,1008000.00,2660000.00,523600.00,9710400.00,4191600.00,30.15,284,70.65
19701,Новосибирск,Москва,2017-08-11 14:20:00.000 +0300,924000.00,2828000.00,428400.00,9721600.00,4180400.00,30.07,281,69.90
19687,Новосибирск,Москва,2017-07-16 14:20:00.000 +0300,840000.00,2856000.00,476000.00,9724400.00,4172000.00,30.02,280,69.65
10475,Москва,Новосибирск,2017-06-20 11:45:00.000 +0300,672000.00,2828000.00,666400.00,9730000.00,4166400.00,29.98,279,69.40
19597,Новосибирск,Москва,2017-06-10 14:20:00.000 +0300,840000.00,2660000.00,666400.00,9732800.00,4166400.00,29.98,283,70.40
19637,Новосибирск,Москва,2017-08-10 14:20:00.000 +0300,420000.00,2884000.00,856800.00,9744000.00,4160800.00,29.92,276,68.66
19639,Новосибирск,Москва,2017-07-30 14:20:00.000 +0300,924000.00,2520000.00,714000.00,9744000.00,4158000.00,29.91,286,71.14
10463,Москва,Новосибирск,2017-07-24 11:45:00.000 +0300,672000.00,2800000.00,666400.00,9763600.00,4138400.00,29.77,280,69.65
10496,Москва,Новосибирск,2017-07-01 11:45:00.000 +0300,924000.00,2352000.00,856800.00,9766400.00,4132800.00,29.73,289,71.89
10450,Москва,Новосибирск,2017-06-28 11:45:00.000 +0300,840000.00,2576000.00,714000.00,9766400.00,4130000.00,29.72,285,70.90
10504,Москва,Новосибирск,2017-07-03 11:45:00.000 +0300,840000.00,2660000.00,618800.00,9777600.00,4118800.00,29.64,284,70.65
10465,Москва,Новосибирск,2017-08-08 11:45:00.000 +0300,840000.00,2800000.00,476000.00,9788800.00,4116000.00,29.60,282,70.15
10494,Москва,Новосибирск,2017-08-07 11:45:00.000 +0300,588000.00,2940000.00,571200.00,9797200.00,4099200.00,29.50,278,69.15
19634,Новосибирск,Москва,2017-07-26 14:20:00.000 +0300,588000.00,2884000.00,618800.00,9808400.00,4090800.00,29.43,279,69.40
10443,Москва,Новосибирск,2017-05-31 11:45:00.000 +0300,1092000.00,2324000.00,666400.00,9811200.00,4082400.00,29.38,292,72.64
10401,Москва,Новосибирск,2017-07-31 11:45:00.000 +0300,588000.00,2912000.00,571200.00,9839200.00,4071200.00,29.27,279,69.40
10387,Москва,Новосибирск,2017-08-06 11:45:00.000 +0300,588000.00,3052000.00,428400.00,9839200.00,4068400.00,29.25,277,68.91
19641,Новосибирск,Москва,2017-07-21 14:20:00.000 +0300,756000.00,2688000.00,618800.00,9833600.00,4062800.00,29.24,284,70.65
10502,Москва,Новосибирск,2017-06-17 11:45:00.000 +0300,924000.00,2660000.00,476000.00,9842000.00,4060000.00,29.20,286,71.14
19607,Новосибирск,Москва,2017-08-08 14:20:00.000 +0300,588000.00,2996000.00,476000.00,9844800.00,4060000.00,29.20,278,69.15
10430,Москва,Новосибирск,2017-07-10 11:45:00.000 +0300,672000.00,2576000.00,809200.00,9836400.00,4057200.00,29.20,285,70.90
10407,Москва,Новосибирск,2017-07-19 11:45:00.000 +0300,840000.00,2548000.00,666400.00,9844800.00,4054400.00,29.17,287,71.39
10388,Москва,Новосибирск,2017-08-03 11:45:00.000 +0300,588000.00,2968000.00,476000.00,9861600.00,4032000.00,29.02,279,69.40
10416,Москва,Новосибирск,2017-06-26 11:45:00.000 +0300,756000.00,2744000.00,523600.00,9878400.00,4023600.00,28.94,284,70.65
10411,Москва,Новосибирск,2017-07-22 11:45:00.000 +0300,756000.00,2352000.00,856800.00,9937200.00,3964800.00,28.52,291,72.39
10414,Москва,Новосибирск,2017-06-04 11:45:00.000 +0300,588000.00,2660000.00,714000.00,9931600.00,3962000.00,28.52,285,70.90
10499,Москва,Новосибирск,2017-05-29 11:45:00.000 +0300,420000.00,2828000.00,714000.00,9937200.00,3962000.00,28.51,281,69.90
19669,Новосибирск,Москва,2017-06-02 14:20:00.000 +0300,840000.00,2688000.00,428400.00,9940000.00,3956400.00,28.47,287,71.39
19594,Новосибирск,Москва,2017-06-17 14:20:00.000 +0300,756000.00,2660000.00,523600.00,9954000.00,3939600.00,28.36,287,71.39
19654,Новосибирск,Москва,2017-06-09 14:20:00.000 +0300,756000.00,2660000.00,523600.00,9956800.00,3939600.00,28.35,287,71.39
19619,Новосибирск,Москва,2017-06-25 14:20:00.000 +0300,672000.00,2520000.00,714000.00,9998800.00,3906000.00,28.09,289,71.89
60683,Сочи,Москва,2017-05-24 18:15:00.000 +0300,757800.00,2576000.00,549700.00,3072500.00,3883500.00,55.83,177,44.03
10487,Москва,Новосибирск,2017-07-07 11:45:00.000 +0300,504000.00,2604000.00,761600.00,10029600.00,3869600.00,27.84,287,71.39
10464,Москва,Новосибирск,2017-07-12 11:45:00.000 +0300,672000.00,2464000.00,714000.00,10052000.00,3850000.00,27.69,291,72.39
10436,Москва,Новосибирск,2017-06-03 11:45:00.000 +0300,756000.00,2520000.00,571200.00,10052000.00,3847200.00,27.68,291,72.39
10474,Москва,Новосибирск,2017-08-04 11:45:00.000 +0300,420000.00,2856000.00,571200.00,10060400.00,3847200.00,27.66,283,70.40
19600,Новосибирск,Москва,2017-07-08 14:20:00.000 +0300,588000.00,2492000.00,761600.00,10060400.00,3841600.00,27.63,290,72.14
10405,Москва,Новосибирск,2017-07-30 11:45:00.000 +0300,336000.00,2884000.00,618800.00,10054800.00,3838800.00,27.63,282,70.15
21577,Екатеринбург,Москва,2017-05-24 08:10:00.000 +0300,646500.00,2548800.00,634400.00,3309900.00,3829700.00,53.64,184,45.77
10460,Москва,Новосибирск,2017-06-11 11:45:00.000 +0300,504000.00,2744000.00,571200.00,10080000.00,3819200.00,27.48,286,71.14
10476,Москва,Новосибирск,2017-06-15 11:45:00.000 +0300,672000.00,2716000.00,428400.00,10077200.00,3816400.00,27.47,288,71.64
19503,Новосибирск,Москва,2017-05-27 11:50:00.000 +0300,669600.00,2594700.00,521400.00,10062500.00,3785700.00,27.34,290,72.14
10449,Москва,Новосибирск,2017-06-01 11:45:00.000 +0300,336000.00,2828000.00,618800.00,10116400.00,3782800.00,27.22,284,70.65
19570,Новосибирск,Москва,2017-07-04 11:50:00.000 +0300,1004400.00,2148300.00,616200.00,10087700.00,3768900.00,27.20,300,74.63
10391,Москва,Новосибирск,2017-06-10 11:45:00.000 +0300,672000.00,2380000.00,714000.00,10136000.00,3766000.00,27.09,294,73.13
19692,Новосибирск,Москва,2017-08-07 14:20:00.000 +0300,840000.00,2380000.00,523600.00,10155600.00,3743600.00,26.93,296,73.63
10423,Москва,Новосибирск,2017-08-10 11:45:00.000 +0300,756000.00,2464000.00,523600.00,10152800.00,3743600.00,26.94,294,73.13
10492,Москва,Новосибирск,2017-08-02 11:45:00.000 +0300,420000.00,2800000.00,523600.00,10158400.00,3743600.00,26.93,286,71.14
28882,Пермь,Москва,2017-05-25 18:55:00.000 +0300,700000.00,2480400.00,557200.00,2062800.00,3737600.00,64.44,142,35.32
560,Москва,Новосибирск,2017-05-26 11:05:00.000 +0300,502200.00,2427300.00,805800.00,10115700.00,3735300.00,26.97,292,72.64
60687,Сочи,Москва,2017-05-25 18:15:00.000 +0300,715700.00,2450000.00,525800.00,3261700.00,3691500.00,53.09,188,46.77
10467,Москва,Новосибирск,2017-07-05 11:45:00.000 +0300,588000.00,2576000.00,523600.00,10206000.00,3687600.00,26.54,292,72.64
10495,Москва,Новосибирск,2017-08-14 11:45:00.000 +0300,252000.00,2968000.00,380800.00,10306800.00,3600800.00,25.89,285,70.90
19651,Новосибирск,Москва,2017-07-04 14:20:00.000 +0300,588000.00,2296000.00,714000.00,10301200.00,3598000.00,25.89,298,74.13
19612,Новосибирск,Москва,2017-07-17 14:20:00.000 +0300,504000.00,2352000.00,714000.00,10332000.00,3570000.00,25.68,297,73.88
19555,Новосибирск,Москва,2017-07-02 11:50:00.000 +0300,669600.00,2315700.00,568800.00,10288500.00,3554100.00,25.68,299,74.38
10599,Москва,Екатеринбург,2017-05-17 12:50:00.000 +0300,560300.00,2376000.00,610000.00,3589100.00,3546300.00,49.70,199,49.50
19575,Новосибирск,Москва,2017-06-14 11:50:00.000 +0300,920700.00,2120400.00,474000.00,10341500.00,3515100.00,25.37,305,75.87
10468,Москва,Новосибирск,2017-07-17 11:45:00.000 +0300,756000.00,2044000.00,714000.00,10382400.00,3514000.00,25.29,305,75.87
10421,Москва,Новосибирск,2017-06-18 11:45:00.000 +0300,756000.00,2184000.00,523600.00,10441200.00,3463600.00,24.91,304,75.62
10520,Москва,Екатеринбург,2017-05-21 12:50:00.000 +0300,732700.00,2275200.00,439200.00,3692500.00,3447100.00,48.28,209,51.99
19629,Новосибирск,Москва,2017-06-01 14:20:00.000 +0300,756000.00,2156000.00,523600.00,10455200.00,3435600.00,24.73,305,75.87
19657,Новосибирск,Москва,2017-06-11 14:20:00.000 +0300,672000.00,2212000.00,523600.00,10497200.00,3407600.00,24.51,304,75.62
19482,Новосибирск,Москва,2017-07-30 11:50:00.000 +0300,585900.00,1953000.00,853200.00,10456100.00,3392100.00,24.49,307,76.37
19648,Новосибирск,Москва,2017-06-20 14:20:00.000 +0300,420000.00,2492000.00,476000.00,10514000.00,3388000.00,24.37,298,74.13
10582,Москва,Екатеринбург,2017-05-18 12:50:00.000 +0300,387900.00,2433600.00,561200.00,3749900.00,3382700.00,47.43,201,50.00
10622,Москва,Екатеринбург,2017-05-20 12:50:00.000 +0300,560300.00,2275200.00,512400.00,3790300.00,3347900.00,46.90,210,52.24
19630,Новосибирск,Москва,2017-08-06 14:20:00.000 +0300,252000.00,2604000.00,476000.00,10570000.00,3332000.00,23.97,296,73.63
19494,Новосибирск,Москва,2017-06-27 11:50:00.000 +0300,251100.00,2455200.00,616200.00,10531300.00,3322500.00,23.98,298,74.13
10543,Москва,Екатеринбург,2017-05-22 12:50:00.000 +0300,603400.00,2188800.00,488000.00,3853800.00,3280200.00,45.98,216,53.73
10429,Москва,Новосибирск,2017-07-15 11:45:00.000 +0300,672000.00,2156000.00,428400.00,10648400.00,3256400.00,23.42,308,76.62
28845,Пермь,Москва,2017-05-26 18:55:00.000 +0300,560000.00,1977300.00,696500.00,2566600.00,3233800.00,55.75,182,45.27
19536,Новосибирск,Москва,2017-07-11 11:50:00.000 +0300,585900.00,2120400.00,521400.00,10626100.00,3227700.00,23.30,308,76.62
60688,Сочи,Москва,2017-05-26 18:15:00.000 +0300,589400.00,2072000.00,549700.00,3746300.00,3211100.00,46.15,217,53.98
19559,Новосибирск,Москва,2017-08-13 11:50:00.000 +0300,669600.00,2064600.00,474000.00,10637200.00,3208200.00,23.17,310,77.11
541,Москва,Новосибирск,2017-05-27 11:05:00.000 +0300,418500.00,2259900.00,521400.00,10654000.00,3199800.00,23.10,305,75.87
507,Москва,Новосибирск,2017-08-07 11:05:00.000 +0300,585900.00,2176200.00,426600.00,10665100.00,3188700.00,23.02,308,76.62
19493,Новосибирск,Москва,2017-07-12 11:50:00.000 +0300,753300.00,1729800.00,663600.00,10707100.00,3146700.00,22.71,317,78.86
19576,Новосибирск,Москва,2017-05-31 11:50:00.000 +0300,753300.00,1785600.00,568800.00,10746100.00,3107700.00,22.43,317,78.86
511,Москва,Новосибирск,2017-06-25 11:05:00.000 +0300,502200.00,2064600.00,521400.00,10760000.00,3088200.00,22.30,311,77.36
19680,Новосибирск,Москва,2017-07-05 14:20:00.000 +0300,504000.00,2016000.00,523600.00,10858400.00,3043600.00,21.89,313,77.86
10579,Москва,Екатеринбург,2017-05-19 12:50:00.000 +0300,560300.00,1987200.00,488000.00,4102700.00,3035500.00,42.52,231,57.46
19495,Новосибирск,Москва,2017-07-19 11:50:00.000 +0300,669600.00,1841400.00,521400.00,10824200.00,3032400.00,21.88,317,78.86
19511,Новосибирск,Москва,2017-07-22 11:50:00.000 +0300,753300.00,1757700.00,521400.00,10818600.00,3032400.00,21.89,319,79.35
19492,Новосибирск,Москва,2017-06-18 11:50:00.000 +0300,502200.00,2008800.00,521400.00,10818600.00,3032400.00,21.89,313,77.86
10521,Москва,Екатеринбург,2017-05-23 12:50:00.000 +0300,560300.00,1886400.00,561200.00,4133100.00,3007900.00,42.12,235,58.46
19574,Новосибирск,Москва,2017-06-15 11:50:00.000 +0300,251100.00,2204100.00,521400.00,10874400.00,2976600.00,21.49,309,76.87
21639,Екатеринбург,Москва,2017-05-25 08:10:00.000 +0300,431000.00,1987200.00,536800.00,4186000.00,2955000.00,41.38,232,57.71
548,Москва,Новосибирск,2017-05-30 11:05:00.000 +0300,753300.00,1869300.00,331800.00,10891000.00,2954400.00,21.34,319,79.35
19545,Новосибирск,Москва,2017-07-09 11:50:00.000 +0300,920700.00,1646100.00,379200.00,10907800.00,2946000.00,21.26,324,80.60
15407,Москва,Сочи,2017-05-18 17:05:00.000 +0300,589400.00,1750000.00,573600.00,4044400.00,2913000.00,41.87,239,59.45
15385,Москва,Сочи,2017-05-22 17:05:00.000 +0300,631500.00,1694000.00,573600.00,4058300.00,2899100.00,41.67,242,60.20
19556,Новосибирск,Москва,2017-08-02 11:50:00.000 +0300,502200.00,1869300.00,521400.00,10960900.00,2892900.00,20.88,318,79.10
19537,Новосибирск,Москва,2017-06-01 11:50:00.000 +0300,753300.00,1757700.00,379200.00,10963600.00,2890200.00,20.86,322,80.10
496,Москва,Новосибирск,2017-07-01 11:05:00.000 +0300,753300.00,1562400.00,568800.00,10966500.00,2884500.00,20.83,325,80.85
19512,Новосибирск,Москва,2017-07-14 11:50:00.000 +0300,920700.00,1534500.00,426600.00,10969200.00,2881800.00,20.81,327,81.34
598,Москва,Новосибирск,2017-07-20 11:05:00.000 +0300,669600.00,1590300.00,616200.00,10972100.00,2876100.00,20.77,324,80.60
10406,Москва,Новосибирск,2017-06-25 11:45:00.000 +0300,168000.00,1988000.00,714000.00,11026400.00,2870000.00,20.65,314,78.11
10456,Москва,Новосибирск,2017-08-11 11:45:00.000 +0300,504000.00,1848000.00,476000.00,11074000.00,2828000.00,20.34,320,79.60
15305,Москва,Сочи,2017-05-19 17:05:00.000 +0300,547300.00,1736000.00,501900.00,4169400.00,2785200.00,40.05,244,60.70
15351,Москва,Сочи,2017-05-17 17:05:00.000 +0300,505200.00,1834000.00,430200.00,4188000.00,2769400.00,39.81,241,59.95
533,Москва,Новосибирск,2017-07-27 11:05:00.000 +0300,585900.00,2064600.00,94800.00,11108500.00,2745300.00,19.82,319,79.35
553,Москва,Новосибирск,2017-08-12 11:05:00.000 +0300,753300.00,1534500.00,426600.00,11136600.00,2714400.00,19.60,329,81.84
15301,Москва,Сочи,2017-05-21 17:05:00.000 +0300,378900.00,1708000.00,621400.00,4250500.00,2708300.00,38.92,245,60.95
28893,Пермь,Москва,2017-05-27 18:55:00.000 +0300,455000.00,1790100.00,457700.00,3097600.00,2702800.00,46.60,213,52.99
19472,Новосибирск,Москва,2017-06-28 11:50:00.000 +0300,669600.00,1729800.00,284400.00,11172800.00,2683800.00,19.37,326,81.09
19579,Новосибирск,Москва,2017-08-09 11:50:00.000 +0300,334800.00,1869300.00,474000.00,11172900.00,2678100.00,19.34,321,79.85
538,Москва,Новосибирск,2017-06-05 11:05:00.000 +0300,585900.00,1757700.00,331800.00,11172800.00,2675400.00,19.32,325,80.85
19541,Новосибирск,Москва,2017-06-22 11:50:00.000 +0300,502200.00,1534500.00,616200.00,11200900.00,2652900.00,19.15,328,81.59
19535,Новосибирск,Москва,2017-07-05 11:50:00.000 +0300,251100.00,1869300.00,521400.00,11214800.00,2641800.00,19.07,321,79.85
554,Москва,Новосибирск,2017-06-21 11:05:00.000 +0300,502200.00,1897200.00,237000.00,11217400.00,2636400.00,19.03,323,80.35
495,Москва,Новосибирск,2017-06-27 11:05:00.000 +0300,334800.00,1869300.00,426600.00,11225900.00,2630700.00,18.99,322,80.10
19480,Новосибирск,Москва,2017-08-03 11:50:00.000 +0300,502200.00,1590300.00,521400.00,11239900.00,2613900.00,18.87,328,81.59
19569,Новосибирск,Москва,2017-08-04 11:50:00.000 +0300,502200.00,1729800.00,379200.00,11234200.00,2611200.00,18.86,326,81.09
19573,Новосибирск,Москва,2017-06-23 11:50:00.000 +0300,502200.00,1813500.00,284400.00,11256500.00,2600100.00,18.76,325,80.85
503,Москва,Новосибирск,2017-08-10 11:05:00.000 +0300,334800.00,1674000.00,568800.00,11281800.00,2577600.00,18.60,326,81.09
19548,Новосибирск,Москва,2017-06-25 11:50:00.000 +0300,251100.00,1897200.00,426600.00,11276100.00,2574900.00,18.59,322,80.10
19527,Новосибирск,Москва,2017-06-04 11:50:00.000 +0300,334800.00,1618200.00,616200.00,11284600.00,2569200.00,18.55,327,81.34
15390,Москва,Сочи,2017-05-20 17:05:00.000 +0300,336800.00,1722000.00,501900.00,4395300.00,2560700.00,36.81,250,62.19
21666,Екатеринбург,Москва,2017-05-27 08:10:00.000 +0300,560300.00,1670400.00,317200.00,4590300.00,2547900.00,35.69,260,64.68
10565,Москва,Екатеринбург,2017-05-24 12:50:00.000 +0300,517200.00,1670400.00,341600.00,4613200.00,2529200.00,35.41,260,64.68
19466,Новосибирск,Москва,2017-07-07 11:50:00.000 +0300,753300.00,1395000.00,379200.00,11331900.00,2527500.00,18.24,335,83.33
575,Москва,Новосибирск,2017-07-14 11:05:00.000 +0300,251100.00,1897200.00,379200.00,11331900.00,2527500.00,18.24,323,80.35
19465,Новосибирск,Москва,2017-08-11 11:50:00.000 +0300,334800.00,1757700.00,426600.00,11334700.00,2519100.00,18.18,326,81.09
19481,Новосибирск,Москва,2017-06-29 11:50:00.000 +0300,334800.00,1897200.00,284400.00,11334600.00,2516400.00,18.17,324,80.60
19488,Новосибирск,Москва,2017-06-06 11:50:00.000 +0300,585900.00,1450800.00,474000.00,11345900.00,2510700.00,18.12,333,82.84
21594,Екатеринбург,Москва,2017-05-26 08:10:00.000 +0300,344800.00,1843200.00,317200.00,4634400.00,2505200.00,35.09,253,62.94
19521,Новосибирск,Москва,2017-08-10 11:50:00.000 +0300,502200.00,1757700.00,237000.00,11356900.00,2496900.00,18.02,328,81.59
60644,Сочи,Москва,2017-05-27 18:15:00.000 +0300,294700.00,1834000.00,358500.00,4467400.00,2487200.00,35.76,249,61.94
504,Москва,Новосибирск,2017-08-15 11:05:00.000 +0300,837000.00,1311300.00,331800.00,11373700.00,2480100.00,17.90,338,84.08
19578,Новосибирск,Москва,2017-07-25 11:50:00.000 +0300,585900.00,1506600.00,379200.00,11382100.00,2471700.00,17.84,333,82.84
19539,Новосибирск,Москва,2017-05-29 11:50:00.000 +0300,502200.00,1674000.00,284400.00,11393200.00,2460600.00,17.76,330,82.09
19549,Новосибирск,Москва,2017-07-17 11:50:00.000 +0300,167400.00,1813500.00,474000.00,11398900.00,2454900.00,17.72,325,80.85
19489,Новосибирск,Москва,2017-06-09 11:50:00.000 +0300,502200.00,1618200.00,331800.00,11404400.00,2452200.00,17.70,331,82.34
576,Москва,Новосибирск,2017-08-14 11:05:00.000 +0300,502200.00,1506600.00,426600.00,11415600.00,2435400.00,17.58,333,82.84
497,Москва,Новосибирск,2017-07-24 11:05:00.000 +0300,334800.00,1562400.00,521400.00,11432400.00,2418600.00,17.46,331,82.34
577,Москва,Новосибирск,2017-07-15 11:05:00.000 +0300,418500.00,1618200.00,379200.00,11440700.00,2415900.00,17.44,331,82.34
19580,Новосибирск,Москва,2017-07-03 11:50:00.000 +0300,418500.00,1618200.00,379200.00,11435100.00,2415900.00,17.44,331,82.34
487,Москва,Новосибирск,2017-08-03 11:05:00.000 +0300,334800.00,1701900.00,379200.00,11435100.00,2415900.00,17.44,329,81.84
19508,Новосибирск,Москва,2017-06-10 11:50:00.000 +0300,585900.00,1450800.00,379200.00,11435100.00,2415900.00,17.44,335,83.33
528,Москва,Новосибирск,2017-07-09 11:05:00.000 +0300,502200.00,1674000.00,237000.00,11446200.00,2413200.00,17.41,331,82.34
15399,Москва,Сочи,2017-05-23 17:05:00.000 +0300,463100.00,1540000.00,406300.00,4549400.00,2409400.00,34.62,264,65.67
532,Москва,Новосибирск,2017-07-19 11:05:00.000 +0300,502200.00,1478700.00,426600.00,11443500.00,2407500.00,17.38,334,83.08
28935,Пермь,Москва,2017-05-28 18:55:00.000 +0300,455000.00,1591200.00,358200.00,3399300.00,2404400.00,41.43,235,58.46
28835,Пермь,Москва,2017-06-14 18:55:00.000 +0300,455000.00,1544400.00,398000.00,3407400.00,2397400.00,41.30,237,58.96
28816,Пермь,Москва,2017-06-03 18:55:00.000 +0300,385000.00,1567800.00,437800.00,3415300.00,2390600.00,41.18,235,58.46
28817,Пермь,Москва,2017-06-29 18:55:00.000 +0300,455000.00,1509300.00,417900.00,3419300.00,2382200.00,41.06,239,59.45
550,Москва,Новосибирск,2017-07-18 11:05:00.000 +0300,669600.00,1422900.00,284400.00,11471300.00,2376900.00,17.16,337,83.83
15312,Москва,Сочи,2017-05-24 17:05:00.000 +0300,547300.00,1540000.00,286800.00,4581900.00,2374100.00,34.13,267,66.42
19473,Новосибирск,Москва,2017-07-29 11:50:00.000 +0300,334800.00,1562400.00,474000.00,11488200.00,2371200.00,17.11,332,82.59
520,Москва,Новосибирск,2017-07-28 11:05:00.000 +0300,251100.00,1674000.00,426600.00,11499300.00,2351700.00,16.98,330,82.09
544,Москва,Новосибирск,2017-06-18 11:05:00.000 +0300,418500.00,1646100.00,284400.00,11496400.00,2349000.00,16.97,332,82.59
6915,Москва,Пермь,2017-05-19 11:00:00.000 +0300,385000.00,1521000.00,437800.00,3457700.00,2343800.00,40.40,239,59.45
60702,Сочи,Москва,2017-05-28 18:15:00.000 +0300,505200.00,1428000.00,406300.00,4617900.00,2339500.00,33.63,271,67.41
28842,Пермь,Москва,2017-07-06 18:55:00.000 +0300,630000.00,1380600.00,318400.00,3475800.00,2329000.00,40.12,250,62.19
549,Москва,Новосибирск,2017-08-01 11:05:00.000 +0300,418500.00,1478700.00,426600.00,11530000.00,2323800.00,16.77,335,83.33
524,Москва,Новосибирск,2017-06-01 11:05:00.000 +0300,502200.00,1395000.00,426600.00,11524400.00,2323800.00,16.78,337,83.83
19540,Новосибирск,Москва,2017-07-23 11:50:00.000 +0300,334800.00,1562400.00,426600.00,11521600.00,2323800.00,16.78,333,82.84
19518,Новосибирск,Москва,2017-08-05 11:50:00.000 +0300,502200.00,1478700.00,331800.00,11541100.00,2312700.00,16.69,336,83.58
19566,Новосибирск,Москва,2017-06-02 11:50:00.000 +0300,418500.00,1367100.00,521400.00,11546800.00,2307000.00,16.65,337,83.83
6978,Москва,Пермь,2017-05-21 11:00:00.000 +0300,420000.00,1474200.00,398000.00,3510400.00,2292200.00,39.50,244,60.70
19542,Новосибирск,Москва,2017-06-03 11:50:00.000 +0300,251100.00,1506600.00,521400.00,11574700.00,2279100.00,16.45,334,83.08
518,Москва,Новосибирск,2017-07-10 11:05:00.000 +0300,334800.00,1422900.00,521400.00,11574700.00,2279100.00,16.45,336,83.58
6960,Москва,Пермь,2017-05-18 11:00:00.000 +0300,420000.00,1380600.00,477600.00,3528800.00,2278200.00,39.23,248,61.69
562,Москва,Новосибирск,2017-06-13 11:05:00.000 +0300,251100.00,1646100.00,379200.00,11577400.00,2276400.00,16.43,332,82.59
19470,Новосибирск,Москва,2017-08-15 11:50:00.000 +0300,418500.00,1618200.00,237000.00,11577300.00,2273700.00,16.42,334,83.08
19510,Новосибирск,Москва,2017-06-05 11:50:00.000 +0300,334800.00,1367100.00,568800.00,11585900.00,2270700.00,16.39,337,83.83
28934,Пермь,Москва,2017-07-31 18:55:00.000 +0300,420000.00,1485900.00,358200.00,3540700.00,2264100.00,39.00,245,60.95
28896,Пермь,Москва,2017-07-05 18:55:00.000 +0300,420000.00,1404000.00,437800.00,3541900.00,2261800.00,38.97,248,61.69
605,Москва,Новосибирск,2017-07-06 11:05:00.000 +0300,418500.00,1506600.00,331800.00,11602500.00,2256900.00,16.28,336,83.58
558,Москва,Новосибирск,2017-05-31 11:05:00.000 +0300,418500.00,1450800.00,379200.00,11605300.00,2248500.00,16.23,337,83.83
28850,Пермь,Москва,2017-07-15 18:55:00.000 +0300,350000.00,1439100.00,457700.00,3553600.00,2246800.00,38.74,246,61.19
28890,Пермь,Москва,2017-06-30 18:55:00.000 +0300,245000.00,1521000.00,477600.00,3560100.00,2243600.00,38.66,241,59.95
19487,Новосибирск,Москва,2017-06-20 11:50:00.000 +0300,251100.00,1562400.00,426600.00,11610900.00,2240100.00,16.17,334,83.08
19553,Новосибирск,Москва,2017-08-14 11:50:00.000 +0300,669600.00,1143900.00,426600.00,11619300.00,2240100.00,16.16,344,85.57
10616,Москва,Екатеринбург,2017-05-25 12:50:00.000 +0300,301700.00,1425600.00,512400.00,4904100.00,2239700.00,31.35,275,68.41
28924,Пермь,Москва,2017-05-31 18:55:00.000 +0300,350000.00,1427400.00,457700.00,3569700.00,2235100.00,38.50,247,61.44
582,Москва,Новосибирск,2017-06-12 11:05:00.000 +0300,418500.00,1674000.00,142200.00,11624700.00,2234700.00,16.12,334,83.08
19483,Новосибирск,Москва,2017-07-21 11:50:00.000 +0300,167400.00,1534500.00,521400.00,11624900.00,2223300.00,16.05,334,83.08
587,Москва,Новосибирск,2017-06-28 11:05:00.000 +0300,418500.00,1422900.00,379200.00,11633200.00,2220600.00,16.03,338,84.08
19464,Новосибирск,Москва,2017-06-19 11:50:00.000 +0300,418500.00,1422900.00,379200.00,11636000.00,2220600.00,16.03,338,84.08
19525,Новосибирск,Москва,2017-06-11 11:50:00.000 +0300,83700.00,1562400.00,568800.00,11636100.00,2214900.00,15.99,333,82.84
19538,Новосибирск,Москва,2017-06-12 11:50:00.000 +0300,585900.00,1339200.00,284400.00,11649900.00,2209500.00,15.94,341,84.83
28833,Пермь,Москва,2017-08-07 18:55:00.000 +0300,455000.00,1415700.00,338300.00,3593600.00,2209000.00,38.07,251,62.44
6941,Москва,Пермь,2017-05-24 11:00:00.000 +0300,525000.00,1333800.00,338300.00,3605500.00,2197100.00,37.86,256,63.68
19479,Новосибирск,Москва,2017-07-13 11:50:00.000 +0300,251100.00,1562400.00,379200.00,11661100.00,2192700.00,15.83,335,83.33
19507,Новосибирск,Москва,2017-07-31 11:50:00.000 +0300,418500.00,1395000.00,379200.00,11658300.00,2192700.00,15.83,339,84.33
6903,Москва,Пермь,2017-06-04 11:00:00.000 +0300,490000.00,1415700.00,278600.00,3623800.00,2184300.00,37.61,253,62.94
19523,Новосибирск,Москва,2017-07-18 11:50:00.000 +0300,251100.00,1311300.00,616200.00,11680800.00,2178600.00,15.72,339,84.33
529,Москва,Новосибирск,2017-07-21 11:05:00.000 +0300,418500.00,1422900.00,331800.00,11677800.00,2173200.00,15.69,339,84.33
566,Москва,Новосибирск,2017-07-25 11:05:00.000 +0300,502200.00,1478700.00,189600.00,11686100.00,2170500.00,15.66,339,84.33
21638,Екатеринбург,Москва,2017-05-28 08:10:00.000 +0300,474100.00,1353600.00,341600.00,4967500.00,2169300.00,30.40,283,70.40
6897,Москва,Пермь,2017-05-20 11:00:00.000 +0300,315000.00,1392300.00,457700.00,3642000.00,2165000.00,37.28,251,62.44
6866,Москва,Пермь,2017-05-22 11:00:00.000 +0300,420000.00,1485900.00,258700.00,3641300.00,2164600.00,37.28,250,62.19
28897,Пермь,Москва,2017-07-19 18:55:00.000 +0300,420000.00,1380600.00,358200.00,3646000.00,2158800.00,37.19,254,63.18
28870,Пермь,Москва,2017-07-23 18:55:00.000 +0300,455000.00,1322100.00,378100.00,3651800.00,2155200.00,37.11,257,63.93
28868,Пермь,Москва,2017-06-05 18:55:00.000 +0300,350000.00,1380600.00,417900.00,3659600.00,2148500.00,36.99,253,62.94
15377,Москва,Сочи,2017-05-25 17:05:00.000 +0300,378900.00,1386000.00,382400.00,4810100.00,2147300.00,30.86,278,69.15
499,Москва,Новосибирск,2017-06-17 11:05:00.000 +0300,418500.00,1395000.00,331800.00,11705700.00,2145300.00,15.49,340,84.58
546,Москва,Новосибирск,2017-07-02 11:05:00.000 +0300,251100.00,1646100.00,237000.00,11722400.00,2134200.00,15.40,335,83.33
510,Москва,Новосибирск,2017-06-23 11:05:00.000 +0300,167400.00,1395000.00,568800.00,11725400.00,2131200.00,15.38,338,84.08
552,Москва,Новосибирск,2017-07-13 11:05:00.000 +0300,418500.00,1143900.00,568800.00,11722600.00,2131200.00,15.38,344,85.57
6863,Москва,Пермь,2017-05-17 11:00:00.000 +0300,350000.00,1333800.00,437800.00,3684300.00,2121600.00,36.54,256,63.68
60722,Сочи,Москва,2017-07-26 18:15:00.000 +0300,589400.00,1148000.00,382400.00,4839000.00,2119800.00,30.46,290,72.14
28894,Пермь,Москва,2017-06-15 18:55:00.000 +0300,350000.00,1450800.00,318400.00,3686700.00,2119200.00,36.50,252,62.69
589,Москва,Новосибирск,2017-06-07 11:05:00.000 +0300,334800.00,1450800.00,331800.00,11739200.00,2117400.00,15.28,339,84.33
60618,Сочи,Москва,2017-08-06 18:15:00.000 +0300,421000.00,1456000.00,239000.00,4840000.00,2116000.00,30.42,278,69.15
6962,Москва,Пермь,2017-05-28 11:00:00.000 +0300,490000.00,1287000.00,338300.00,3691700.00,2115300.00,36.43,261,64.93
28907,Пермь,Москва,2017-07-04 18:55:00.000 +0300,280000.00,1474200.00,358200.00,3690200.00,2112400.00,36.40,250,62.19
19563,Новосибирск,Москва,2017-07-10 11:50:00.000 +0300,167400.00,1562400.00,379200.00,11744800.00,2109000.00,15.22,336,83.58
28821,Пермь,Москва,2017-06-01 18:55:00.000 +0300,385000.00,1462500.00,258700.00,3699700.00,2106200.00,36.28,253,62.94
6939,Москва,Пермь,2017-08-14 11:00:00.000 +0300,455000.00,1228500.00,417900.00,3703400.00,2101400.00,36.20,263,65.42
6951,Москва,Пермь,2017-05-23 11:00:00.000 +0300,350000.00,1450800.00,298500.00,3704400.00,2099300.00,36.17,253,62.94
28871,Пермь,Москва,2017-06-07 18:55:00.000 +0300,385000.00,1392300.00,318400.00,3709100.00,2095700.00,36.10,256,63.68
591,Москва,Новосибирск,2017-07-03 11:05:00.000 +0300,251100.00,1506600.00,331800.00,11761500.00,2089500.00,15.09,338,84.08
6970,Москва,Пермь,2017-07-19 11:00:00.000 +0300,420000.00,1345500.00,318400.00,3720900.00,2083900.00,35.90,259,64.43
28841,Пермь,Москва,2017-08-10 18:55:00.000 +0300,420000.00,1404000.00,258700.00,3723200.00,2082700.00,35.87,257,63.93
493,Москва,Новосибирск,2017-08-04 11:05:00.000 +0300,418500.00,1422900.00,237000.00,11775400.00,2078400.00,15.00,341,84.83
28930,Пермь,Москва,2017-07-27 18:55:00.000 +0300,315000.00,1462500.00,298500.00,3728800.00,2076000.00,35.76,253,62.94
19558,Новосибирск,Москва,2017-07-15 11:50:00.000 +0300,251100.00,1395000.00,426600.00,11778300.00,2072700.00,14.96,340,84.58
580,Москва,Новосибирск,2017-06-14 11:05:00.000 +0300,418500.00,1367100.00,284400.00,11783800.00,2070000.00,14.94,342,85.07
28928,Пермь,Москва,2017-05-29 18:55:00.000 +0300,385000.00,1345500.00,338300.00,3734900.00,2068800.00,35.65,259,64.43
6946,Москва,Пермь,2017-06-20 11:00:00.000 +0300,455000.00,1275300.00,338300.00,3735100.00,2068600.00,35.64,263,65.42
28849,Пермь,Москва,2017-07-30 18:55:00.000 +0300,420000.00,1404000.00,238800.00,3742000.00,2062800.00,35.54,258,64.18
6923,Москва,Пермь,2017-05-29 11:00:00.000 +0300,315000.00,1322100.00,417900.00,3746500.00,2055000.00,35.42,259,64.43
6922,Москва,Пермь,2017-06-26 11:00:00.000 +0300,315000.00,1439100.00,298500.00,3752200.00,2052600.00,35.36,255,63.43
60724,Сочи,Москва,2017-08-12 18:15:00.000 +0300,505200.00,1302000.00,239000.00,4912600.00,2046200.00,29.40,287,71.39
590,Москва,Новосибирск,2017-07-04 11:05:00.000 +0300,334800.00,1283400.00,426600.00,11806200.00,2044800.00,14.76,343,85.32
6865,Москва,Пермь,2017-07-03 11:00:00.000 +0300,420000.00,1240200.00,378100.00,3766500.00,2038300.00,35.11,265,65.92
6867,Москва,Пермь,2017-06-10 11:00:00.000 +0300,490000.00,1205100.00,338300.00,3769200.00,2033400.00,35.04,268,66.67
6948,Москва,Пермь,2017-08-15 11:00:00.000 +0300,385000.00,1228500.00,417900.00,3771200.00,2031400.00,35.01,265,65.92
19557,Новосибирск,Москва,2017-05-30 11:50:00.000 +0300,334800.00,1506600.00,189600.00,11817200.00,2031000.00,14.67,340,84.58
563,Москва,Новосибирск,2017-06-06 11:05:00.000 +0300,334800.00,1171800.00,521400.00,11828600.00,2028000.00,14.64,345,85.82
6905,Москва,Пермь,2017-07-31 11:00:00.000 +0300,245000.00,1404000.00,378100.00,3778800.00,2027100.00,34.91,256,63.68
28873,Пермь,Москва,2017-06-21 18:55:00.000 +0300,385000.00,1298700.00,338300.00,3786100.00,2022000.00,34.81,263,65.42
6893,Москва,Пермь,2017-05-25 11:00:00.000 +0300,385000.00,1275300.00,358200.00,3786300.00,2018500.00,34.77,264,65.67
6916,Москва,Пермь,2017-06-29 11:00:00.000 +0300,490000.00,1170000.00,358200.00,3784400.00,2018200.00,34.78,270,67.16
19543,Новосибирск,Москва,2017-06-16 11:50:00.000 +0300,418500.00,1171800.00,426600.00,11831300.00,2016900.00,14.56,346,86.07
60718,Сочи,Москва,2017-07-23 18:15:00.000 +0300,252600.00,1428000.00,334600.00,4945000.00,2015200.00,28.95,280,69.65
565,Москва,Новосибирск,2017-06-10 11:05:00.000 +0300,251100.00,1478700.00,284400.00,11834000.00,2014200.00,14.54,340,84.58
19571,Новосибирск,Москва,2017-07-24 11:50:00.000 +0300,251100.00,1478700.00,284400.00,11836800.00,2014200.00,14.54,340,84.58
6900,Москва,Пермь,2017-08-02 11:00:00.000 +0300,385000.00,1368900.00,258700.00,3791100.00,2012600.00,34.68,261,64.93
6959,Москва,Пермь,2017-06-12 11:00:00.000 +0300,350000.00,1263600.00,398000.00,3794300.00,2011600.00,34.65,264,65.67
60639,Сочи,Москва,2017-06-07 18:15:00.000 +0300,378900.00,1246000.00,382400.00,4955700.00,2007300.00,28.83,288,71.64
28917,Пермь,Москва,2017-07-26 18:55:00.000 +0300,350000.00,1298700.00,358200.00,3796800.00,2006900.00,34.58,263,65.42
19520,Новосибирск,Москва,2017-07-27 11:50:00.000 +0300,251100.00,1562400.00,189600.00,11853500.00,2003100.00,14.46,339,84.33
19475,Новосибирск,Москва,2017-06-08 11:50:00.000 +0300,251100.00,1562400.00,189600.00,11853500.00,2003100.00,14.46,339,84.33
19505,Новосибирск,Москва,2017-06-30 11:50:00.000 +0300,334800.00,1283400.00,379200.00,11862000.00,1997400.00,14.41,344,85.57
501,Москва,Новосибирск,2017-07-17 11:05:00.000 +0300,418500.00,1199700.00,379200.00,11853600.00,1997400.00,14.42,346,86.07
6872,Москва,Пермь,2017-07-02 11:00:00.000 +0300,420000.00,1158300.00,417900.00,3811900.00,1996200.00,34.37,270,67.16
6967,Москва,Пермь,2017-05-26 11:00:00.000 +0300,350000.00,1263600.00,378100.00,3810900.00,1991700.00,34.32,265,65.92
19478,Новосибирск,Москва,2017-08-06 11:50:00.000 +0300,251100.00,1311300.00,426600.00,11864800.00,1989000.00,14.36,343,85.32
555,Москва,Новосибирск,2017-07-22 11:05:00.000 +0300,251100.00,1311300.00,426600.00,11870400.00,1989000.00,14.35,343,85.32
6880,Москва,Пермь,2017-06-27 11:00:00.000 +0300,140000.00,1404000.00,437800.00,3824100.00,1981800.00,34.13,256,63.68
585,Москва,Новосибирск,2017-06-02 11:05:00.000 +0300,167400.00,1478700.00,331800.00,11870300.00,1977900.00,14.28,340,84.58
28910,Пермь,Москва,2017-06-08 18:55:00.000 +0300,420000.00,1298700.00,258700.00,3826300.00,1977400.00,34.07,266,66.17
6920,Москва,Пермь,2017-06-30 11:00:00.000 +0300,385000.00,1251900.00,338300.00,3827400.00,1975200.00,34.04,267,66.42
28824,Пермь,Москва,2017-08-12 18:55:00.000 +0300,420000.00,1275300.00,278600.00,3829800.00,1973900.00,34.01,267,66.42
28929,Пермь,Москва,2017-08-05 18:55:00.000 +0300,350000.00,1322100.00,298500.00,3833100.00,1970600.00,33.95,264,65.67
28881,Пермь,Москва,2017-07-17 18:55:00.000 +0300,385000.00,1287000.00,298500.00,3832100.00,1970500.00,33.96,266,66.17
60694,Сочи,Москва,2017-07-20 18:15:00.000 +0300,547300.00,1134000.00,286800.00,4990700.00,1968100.00,28.28,296,73.63
6861,Москва,Пермь,2017-06-28 11:00:00.000 +0300,315000.00,1134900.00,517400.00,3837500.00,1967300.00,33.89,270,67.16
6953,Москва,Пермь,2017-08-12 11:00:00.000 +0300,385000.00,1298700.00,278600.00,3843600.00,1962300.00,33.80,266,66.17
579,Москва,Новосибирск,2017-06-04 11:05:00.000 +0300,251100.00,1422900.00,284400.00,11898200.00,1958400.00,14.13,342,85.07
19550,Новосибирск,Москва,2017-08-08 11:50:00.000 +0300,418500.00,1255500.00,284400.00,11898200.00,1958400.00,14.13,346,86.07
540,Москва,Новосибирск,2017-06-20 11:05:00.000 +0300,251100.00,1422900.00,284400.00,11892600.00,1958400.00,14.14,342,85.07
6919,Москва,Пермь,2017-07-11 11:00:00.000 +0300,385000.00,1310400.00,258700.00,3850700.00,1954100.00,33.66,266,66.17
6895,Москва,Пермь,2017-07-04 11:00:00.000 +0300,350000.00,1322100.00,278600.00,3855200.00,1950700.00,33.60,265,65.92
559,Москва,Новосибирск,2017-06-24 11:05:00.000 +0300,502200.00,1255500.00,189600.00,11912100.00,1947300.00,14.05,347,86.32
28911,Пермь,Москва,2017-07-07 18:55:00.000 +0300,350000.00,1298700.00,298500.00,3856500.00,1947200.00,33.55,266,66.17
28912,Пермь,Москва,2017-06-06 18:55:00.000 +0300,175000.00,1450800.00,318400.00,3858400.00,1944200.00,33.51,257,63.93
19577,Новосибирск,Москва,2017-06-24 11:50:00.000 +0300,418500.00,1283400.00,237000.00,11917700.00,1938900.00,13.99,346,86.07
28925,Пермь,Москва,2017-08-13 18:55:00.000 +0300,455000.00,1205100.00,278600.00,3869400.00,1938700.00,33.38,272,67.66
6975,Москва,Пермь,2017-07-13 11:00:00.000 +0300,280000.00,1240200.00,417900.00,3863400.00,1938100.00,33.41,267,66.42
28832,Пермь,Москва,2017-08-04 18:55:00.000 +0300,350000.00,1345500.00,238800.00,3868300.00,1934300.00,33.34,265,65.92
60636,Сочи,Москва,2017-07-24 18:15:00.000 +0300,505200.00,1190000.00,239000.00,5020400.00,1934200.00,27.81,295,73.38
28883,Пермь,Москва,2017-06-25 18:55:00.000 +0300,280000.00,1275300.00,378100.00,3870300.00,1933400.00,33.31,266,66.17
6973,Москва,Пермь,2017-05-27 11:00:00.000 +0300,350000.00,1205100.00,378100.00,3871600.00,1933200.00,33.30,270,67.16
19533,Новосибирск,Москва,2017-08-01 11:50:00.000 +0300,251100.00,1255500.00,426600.00,11926200.00,1933200.00,13.95,345,85.82
60670,Сочи,Москва,2017-08-05 18:15:00.000 +0300,378900.00,1288000.00,262900.00,5026200.00,1929800.00,27.74,290,72.14
6887,Москва,Пермь,2017-06-19 11:00:00.000 +0300,280000.00,1287000.00,358200.00,3877400.00,1925200.00,33.18,266,66.17
573,Москва,Новосибирск,2017-08-06 11:05:00.000 +0300,251100.00,1339200.00,331800.00,11931700.00,1922100.00,13.87,344,85.57
6977,Москва,Пермь,2017-07-26 11:00:00.000 +0300,385000.00,1158300.00,378100.00,3886700.00,1921400.00,33.08,273,67.91
19498,Новосибирск,Москва,2017-08-07 11:50:00.000 +0300,167400.00,1562400.00,189600.00,11931600.00,1919400.00,13.86,340,84.58
6918,Москва,Пермь,2017-08-13 11:00:00.000 +0300,350000.00,1310400.00,258700.00,3886800.00,1919100.00,33.05,267,66.42
6944,Москва,Пермь,2017-06-22 11:00:00.000 +0300,525000.00,1134900.00,258700.00,3889500.00,1918600.00,33.03,277,68.91
6942,Москва,Пермь,2017-05-30 11:00:00.000 +0300,350000.00,1263600.00,298500.00,3892700.00,1912100.00,32.94,269,66.92
6943,Москва,Пермь,2017-06-18 11:00:00.000 +0300,490000.00,1123200.00,298500.00,3893100.00,1911700.00,32.93,277,68.91
28875,Пермь,Москва,2017-06-13 18:55:00.000 +0300,385000.00,1263600.00,258700.00,3899700.00,1907300.00,32.84,270,67.16
6877,Москва,Пермь,2017-08-09 11:00:00.000 +0300,245000.00,1322100.00,338300.00,3897200.00,1905400.00,32.84,265,65.92
19468,Новосибирск,Москва,2017-07-20 11:50:00.000 +0300,334800.00,1143900.00,426600.00,11951300.00,1905300.00,13.75,348,86.57
6936,Москва,Пермь,2017-08-07 11:00:00.000 +0300,420000.00,1146600.00,338300.00,3897700.00,1904900.00,32.83,275,68.41
28900,Пермь,Москва,2017-07-08 18:55:00.000 +0300,420000.00,1146600.00,338300.00,3901000.00,1904900.00,32.81,275,68.41
28853,Пермь,Москва,2017-07-11 18:55:00.000 +0300,455000.00,1263600.00,179100.00,3908200.00,1897700.00,32.69,272,67.66
6927,Москва,Пермь,2017-07-05 11:00:00.000 +0300,420000.00,1216800.00,258700.00,3909300.00,1895500.00,32.65,273,67.91
583,Москва,Новосибирск,2017-07-08 11:05:00.000 +0300,251100.00,1311300.00,331800.00,11959600.00,1894200.00,13.67,345,85.82
6930,Москва,Пермь,2017-07-27 11:00:00.000 +0300,385000.00,1170000.00,338300.00,3909300.00,1893300.00,32.63,274,68.16
6969,Москва,Пермь,2017-07-09 11:00:00.000 +0300,350000.00,1123200.00,417900.00,3911500.00,1891100.00,32.59,275,68.41
60678,Сочи,Москва,2017-05-29 18:15:00.000 +0300,463100.00,1260000.00,167300.00,5068400.00,1890400.00,27.17,294,73.13
28921,Пермь,Москва,2017-06-26 18:55:00.000 +0300,280000.00,1251900.00,358200.00,3915800.00,1890100.00,32.55,269,66.92
6929,Москва,Пермь,2017-06-16 11:00:00.000 +0300,315000.00,1216800.00,358200.00,3915900.00,1890000.00,32.55,271,67.41
28880,Пермь,Москва,2017-08-14 18:55:00.000 +0300,245000.00,1263600.00,378100.00,3920300.00,1886700.00,32.49,268,66.67
600,Москва,Новосибирск,2017-06-16 11:05:00.000 +0300,418500.00,1088100.00,379200.00,11973600.00,1885800.00,13.61,350,87.06
488,Москва,Новосибирск,2017-05-28 11:05:00.000 +0300,334800.00,1171800.00,379200.00,11968000.00,1885800.00,13.61,348,86.57
28825,Пермь,Москва,2017-08-06 18:55:00.000 +0300,315000.00,1240200.00,318400.00,3931200.00,1873600.00,32.28,271,67.41
6914,Москва,Пермь,2017-06-03 11:00:00.000 +0300,455000.00,1158300.00,258700.00,3933900.00,1872000.00,32.24,277,68.91
28854,Пермь,Москва,2017-07-12 18:55:00.000 +0300,210000.00,1322100.00,338300.00,3933300.00,1870400.00,32.23,266,66.17
6898,Москва,Пермь,2017-07-25 11:00:00.000 +0300,245000.00,1287000.00,338300.00,3933400.00,1870300.00,32.23,268,66.67
28844,Пермь,Москва,2017-06-09 18:55:00.000 +0300,350000.00,1240200.00,278600.00,3938200.00,1868800.00,32.18,272,67.66
28859,Пермь,Москва,2017-06-19 18:55:00.000 +0300,245000.00,1263600.00,358200.00,3936900.00,1866800.00,32.17,269,66.92
568,Москва,Новосибирск,2017-06-15 11:05:00.000 +0300,334800.00,1199700.00,331800.00,11990300.00,1866300.00,13.47,348,86.57
19469,Новосибирск,Москва,2017-06-07 11:50:00.000 +0300,251100.00,1283400.00,331800.00,11987500.00,1866300.00,13.47,346,86.07
6957,Москва,Пермь,2017-06-01 11:00:00.000 +0300,315000.00,1111500.00,437800.00,3943800.00,1864300.00,32.10,276,68.66
6884,Москва,Пермь,2017-07-22 11:00:00.000 +0300,455000.00,1088100.00,318400.00,3943300.00,1861500.00,32.07,280,69.65
60672,Сочи,Москва,2017-07-08 18:15:00.000 +0300,463100.00,1204000.00,191200.00,5103300.00,1858300.00,26.69,297,73.88
21624,Екатеринбург,Москва,2017-06-30 08:10:00.000 +0300,301700.00,1238400.00,317200.00,5285100.00,1857300.00,26.00,296,73.63
6961,Москва,Пермь,2017-07-18 11:00:00.000 +0300,350000.00,1228500.00,278600.00,3947700.00,1857100.00,31.99,273,67.91
28913,Пермь,Москва,2017-08-09 18:55:00.000 +0300,350000.00,1088100.00,417900.00,3947700.00,1856000.00,31.98,278,69.15
21630,Екатеринбург,Москва,2017-06-25 08:10:00.000 +0300,517200.00,993600.00,341600.00,5285800.00,1852400.00,25.95,307,76.37
6917,Москва,Пермь,2017-06-14 11:00:00.000 +0300,420000.00,1228500.00,199000.00,3955100.00,1847500.00,31.84,275,68.41
6909,Москва,Пермь,2017-07-12 11:00:00.000 +0300,315000.00,1287000.00,238800.00,3961800.00,1840800.00,31.72,271,67.41
6954,Москва,Пермь,2017-06-05 11:00:00.000 +0300,350000.00,1228500.00,258700.00,3964300.00,1837200.00,31.67,274,68.16
6949,Москва,Пермь,2017-05-31 11:00:00.000 +0300,455000.00,1181700.00,199000.00,3970200.00,1835700.00,31.62,278,69.15
28846,Пермь,Москва,2017-06-22 18:55:00.000 +0300,245000.00,1251900.00,338300.00,3971800.00,1835200.00,31.60,271,67.41
6958,Москва,Пермь,2017-06-15 11:00:00.000 +0300,385000.00,1170000.00,278600.00,3972300.00,1833600.00,31.58,277,68.91
60721,Сочи,Москва,2017-06-11 18:15:00.000 +0300,378900.00,1120000.00,334600.00,5123900.00,1833500.00,26.35,299,74.38
28885,Пермь,Москва,2017-07-28 18:55:00.000 +0300,315000.00,1298700.00,218900.00,3972200.00,1832600.00,31.57,271,67.41
6868,Москва,Пермь,2017-07-07 11:00:00.000 +0300,350000.00,1263600.00,218900.00,3974500.00,1832500.00,31.56,273,67.91
28903,Пермь,Москва,2017-07-25 18:55:00.000 +0300,350000.00,1181700.00,298500.00,3974600.00,1830200.00,31.53,276,68.66
6902,Москва,Пермь,2017-07-20 11:00:00.000 +0300,280000.00,1263600.00,278600.00,3983700.00,1822200.00,31.39,272,67.66
6972,Москва,Пермь,2017-07-23 11:00:00.000 +0300,315000.00,1146600.00,358200.00,3982800.00,1819800.00,31.36,277,68.91
28926,Пермь,Москва,2017-07-01 18:55:00.000 +0300,245000.00,1275300.00,298500.00,3988200.00,1818800.00,31.32,271,67.41
28936,Пермь,Москва,2017-06-04 18:55:00.000 +0300,280000.00,1240200.00,298500.00,3987200.00,1818700.00,31.33,273,67.91
28933,Пермь,Москва,2017-07-18 18:55:00.000 +0300,315000.00,1205100.00,298500.00,3986200.00,1818600.00,31.33,275,68.41
60643,Сочи,Москва,2017-06-26 18:15:00.000 +0300,463100.00,1092000.00,262900.00,5138000.00,1818000.00,26.14,302,75.12
28895,Пермь,Москва,2017-06-24 18:55:00.000 +0300,315000.00,1123200.00,378100.00,3986300.00,1816300.00,31.30,278,69.15
6928,Москва,Пермь,2017-07-15 11:00:00.000 +0300,315000.00,1181700.00,318400.00,3986400.00,1815100.00,31.29,276,68.66
28819,Пермь,Москва,2017-08-03 18:55:00.000 +0300,385000.00,1170000.00,258700.00,3993300.00,1813700.00,31.23,278,69.15
60734,Сочи,Москва,2017-06-24 18:15:00.000 +0300,421000.00,1008000.00,382400.00,5147400.00,1811400.00,26.03,304,75.62
28848,Пермь,Москва,2017-07-02 18:55:00.000 +0300,245000.00,1287000.00,278600.00,3992000.00,1810600.00,31.20,271,67.41
534,Москва,Новосибирск,2017-08-11 11:05:00.000 +0300,83700.00,1395000.00,331800.00,12043300.00,1810500.00,13.07,344,85.57
6889,Москва,Пермь,2017-07-28 11:00:00.000 +0300,420000.00,1170000.00,218900.00,3995900.00,1808900.00,31.16,279,69.40
6955,Москва,Пермь,2017-07-29 11:00:00.000 +0300,315000.00,1134900.00,358200.00,3998900.00,1808100.00,31.14,278,69.15
6974,Москва,Пермь,2017-06-25 11:00:00.000 +0300,210000.00,1158300.00,437800.00,3999800.00,1806100.00,31.11,275,68.41
6882,Москва,Пермь,2017-06-17 11:00:00.000 +0300,280000.00,1205100.00,318400.00,4001300.00,1803500.00,31.07,275,68.41
21621,Екатеринбург,Москва,2017-07-04 08:10:00.000 +0300,258600.00,1396800.00,146400.00,5342000.00,1801800.00,25.22,293,72.89
60727,Сочи,Москва,2017-07-18 18:15:00.000 +0300,336800.00,1316000.00,143400.00,5166800.00,1796200.00,25.80,294,73.13
6881,Москва,Пермь,2017-06-24 11:00:00.000 +0300,280000.00,1216800.00,298500.00,4011700.00,1795300.00,30.92,275,68.41
28878,Пермь,Москва,2017-07-21 18:55:00.000 +0300,210000.00,1298700.00,278600.00,4018600.00,1787300.00,30.78,271,67.41
6932,Москва,Пермь,2017-06-13 11:00:00.000 +0300,245000.00,1263600.00,278600.00,4018700.00,1787200.00,30.78,273,67.91
6875,Москва,Пермь,2017-07-30 11:00:00.000 +0300,560000.00,1006200.00,218900.00,4017500.00,1785100.00,30.76,289,71.89
28839,Пермь,Москва,2017-07-10 18:55:00.000 +0300,175000.00,1251900.00,358200.00,4017500.00,1785100.00,30.76,272,67.66
6885,Москва,Пермь,2017-07-24 11:00:00.000 +0300,245000.00,1240200.00,298500.00,4022200.00,1783700.00,30.72,274,68.16
521,Москва,Новосибирск,2017-06-30 11:05:00.000 +0300,334800.00,1116000.00,331800.00,12071200.00,1782600.00,12.87,351,87.31
6891,Москва,Пермь,2017-06-07 11:00:00.000 +0300,315000.00,1228500.00,238800.00,4022500.00,1782300.00,30.70,276,68.66
6933,Москва,Пермь,2017-08-03 11:00:00.000 +0300,175000.00,1263600.00,338300.00,4025700.00,1776900.00,30.62,272,67.66
6980,Москва,Пермь,2017-06-06 11:00:00.000 +0300,280000.00,1158300.00,338300.00,4030400.00,1776600.00,30.59,278,69.15
60648,Сочи,Москва,2017-06-25 18:15:00.000 +0300,378900.00,1134000.00,262900.00,5181600.00,1775800.00,25.52,301,74.88
6912,Москва,Пермь,2017-07-08 11:00:00.000 +0300,455000.00,1041300.00,278600.00,4034300.00,1774900.00,30.55,286,71.14
19513,Новосибирск,Москва,2017-06-21 11:50:00.000 +0300,334800.00,1199700.00,237000.00,12085100.00,1771500.00,12.78,350,87.06
19497,Новосибирск,Москва,2017-07-28 11:50:00.000 +0300,167400.00,1171800.00,426600.00,12090800.00,1765800.00,12.74,349,86.82
60626,Сочи,Москва,2017-06-13 18:15:00.000 +0300,505200.00,1092000.00,167300.00,5197100.00,1764500.00,25.35,305,75.87
6924,Москва,Пермь,2017-08-06 11:00:00.000 +0300,210000.00,1275300.00,278600.00,4043100.00,1763900.00,30.38,273,67.91
6896,Москва,Пермь,2017-06-09 11:00:00.000 +0300,280000.00,1123200.00,358200.00,4043400.00,1761400.00,30.34,280,69.65
21650,Екатеринбург,Москва,2017-08-13 08:10:00.000 +0300,517200.00,950400.00,292800.00,5382000.00,1760400.00,24.65,312,77.61
570,Москва,Новосибирск,2017-07-23 11:05:00.000 +0300,418500.00,1199700.00,142200.00,12099000.00,1760400.00,12.70,351,87.31
60710,Сочи,Москва,2017-06-06 18:15:00.000 +0300,294700.00,1274000.00,191200.00,5197500.00,1759900.00,25.30,296,73.63
28916,Пермь,Москва,2017-06-23 18:55:00.000 +0300,315000.00,1205100.00,238800.00,4042600.00,1758900.00,30.32,278,69.15
60627,Сочи,Москва,2017-06-05 18:15:00.000 +0300,589400.00,882000.00,286800.00,5203400.00,1758200.00,25.26,313,77.86
6871,Москва,Пермь,2017-07-21 11:00:00.000 +0300,175000.00,1263600.00,318400.00,4046700.00,1757000.00,30.27,273,67.91
28829,Пермь,Москва,2017-08-11 18:55:00.000 +0300,385000.00,1053000.00,318400.00,4049500.00,1756400.00,30.25,285,70.90
60701,Сочи,Москва,2017-06-09 18:15:00.000 +0300,210500.00,1232000.00,310700.00,5205600.00,1753200.00,25.19,296,73.63
6906,Москва,Пермь,2017-07-16 11:00:00.000 +0300,210000.00,1181700.00,358200.00,4052700.00,1749900.00,30.16,277,68.91
530,Москва,Новосибирск,2017-07-11 11:05:00.000 +0300,334800.00,1171800.00,237000.00,12110200.00,1743600.00,12.59,351,87.31
6952,Москва,Пермь,2017-08-08 11:00:00.000 +0300,245000.00,1216800.00,278600.00,4064400.00,1740400.00,29.98,277,68.91
28843,Пермь,Москва,2017-07-24 18:55:00.000 +0300,280000.00,1158300.00,298500.00,4065800.00,1736800.00,29.93,280,69.65
15354,Москва,Сочи,2017-05-27 17:05:00.000 +0300,421000.00,1050000.00,262900.00,5227700.00,1733900.00,24.91,306,76.12
21593,Екатеринбург,Москва,2017-06-24 08:10:00.000 +0300,172400.00,1195200.00,366000.00,5407400.00,1733600.00,24.28,300,74.63
28908,Пермь,Москва,2017-07-22 18:55:00.000 +0300,280000.00,1134900.00,318400.00,4071500.00,1733300.00,29.86,281,69.90
28906,Пермь,Москва,2017-06-12 18:55:00.000 +0300,280000.00,1170000.00,278600.00,4074000.00,1728600.00,29.79,280,69.65
6925,Москва,Пермь,2017-08-11 11:00:00.000 +0300,245000.00,1123200.00,358200.00,4082800.00,1726400.00,29.72,281,69.90
512,Москва,Новосибирск,2017-05-29 11:05:00.000 +0300,251100.00,1283400.00,189600.00,12135300.00,1724100.00,12.44,349,86.82
492,Москва,Новосибирск,2017-08-05 11:05:00.000 +0300,502200.00,1032300.00,189600.00,12135300.00,1724100.00,12.44,355,88.31
28905,Пермь,Москва,2017-07-29 18:55:00.000 +0300,315000.00,1170000.00,238800.00,4078800.00,1723800.00,29.71,281,69.90
60717,Сочи,Москва,2017-06-17 18:15:00.000 +0300,378900.00,1008000.00,334600.00,5235900.00,1721500.00,24.74,307,76.37
6869,Москва,Пермь,2017-07-06 11:00:00.000 +0300,140000.00,1181700.00,398000.00,4087300.00,1719700.00,29.61,277,68.91
28862,Пермь,Москва,2017-07-16 18:55:00.000 +0300,315000.00,1041300.00,358200.00,4089200.00,1714500.00,29.54,286,71.14
28857,Пермь,Москва,2017-07-20 18:55:00.000 +0300,280000.00,1134900.00,298500.00,4093600.00,1713400.00,29.51,282,70.15
60705,Сочи,Москва,2017-06-23 18:15:00.000 +0300,378900.00,1022000.00,310700.00,5244400.00,1711600.00,24.61,307,76.37
28904,Пермь,Москва,2017-06-27 18:55:00.000 +0300,385000.00,1064700.00,258700.00,4097500.00,1708400.00,29.43,287,71.39
15405,Москва,Сочи,2017-05-26 17:05:00.000 +0300,252600.00,1120000.00,334600.00,5251600.00,1707200.00,24.53,302,75.12
28865,Пермь,Москва,2017-06-18 18:55:00.000 +0300,350000.00,1076400.00,278600.00,4100900.00,1705000.00,29.37,286,71.14
599,Москва,Новосибирск,2017-07-29 11:05:00.000 +0300,251100.00,1311300.00,142200.00,12149200.00,1704600.00,12.30,349,86.82
6965,Москва,Пермь,2017-06-23 11:00:00.000 +0300,350000.00,1134900.00,218900.00,4103200.00,1703800.00,29.34,284,70.65
10575,Москва,Екатеринбург,2017-07-26 12:50:00.000 +0300,344800.00,1065600.00,292800.00,5442000.00,1703200.00,23.84,308,76.62
60615,Сочи,Москва,2017-08-08 18:15:00.000 +0300,421000.00,1162000.00,119500.00,5254900.00,1702500.00,24.47,304,75.62
6904,Москва,Пермь,2017-06-21 11:00:00.000 +0300,245000.00,1216800.00,238800.00,4105300.00,1700600.00,29.29,279,69.40
21559,Екатеринбург,Москва,2017-06-06 08:10:00.000 +0300,431000.00,950400.00,317200.00,5445200.00,1698600.00,23.78,313,77.86
28820,Пермь,Москва,2017-06-20 18:55:00.000 +0300,175000.00,1263600.00,258700.00,4109700.00,1697300.00,29.23,276,68.66
60664,Сочи,Москва,2017-08-14 18:15:00.000 +0300,294700.00,1064000.00,334600.00,5264100.00,1693300.00,24.34,305,75.87
60699,Сочи,Москва,2017-07-04 18:15:00.000 +0300,210500.00,1148000.00,334600.00,5267100.00,1693100.00,24.33,301,74.88
6894,Москва,Пермь,2017-08-10 11:00:00.000 +0300,280000.00,1053000.00,358200.00,4115800.00,1691200.00,29.12,286,71.14
28864,Пермь,Москва,2017-06-10 18:55:00.000 +0300,245000.00,1287000.00,159200.00,4113600.00,1691200.00,29.13,277,68.91
28872,Пермь,Москва,2017-07-13 18:55:00.000 +0300,175000.00,1134900.00,378100.00,4117900.00,1688000.00,29.07,281,69.90
6937,Москва,Пермь,2017-07-14 11:00:00.000 +0300,210000.00,1216800.00,258700.00,4118200.00,1685500.00,29.04,279,69.40
6910,Москва,Пермь,2017-06-02 11:00:00.000 +0300,245000.00,1181700.00,258700.00,4119400.00,1685400.00,29.03,281,69.90
15327,Москва,Сочи,2017-07-12 17:05:00.000 +0300,336800.00,966000.00,382400.00,5276400.00,1685200.00,24.21,309,76.87
21600,Екатеринбург,Москва,2017-08-04 08:10:00.000 +0300,129300.00,1238400.00,317200.00,5457500.00,1684900.00,23.59,300,74.63
60695,Сочи,Москва,2017-07-15 18:15:00.000 +0300,210500.00,1204000.00,262900.00,5278600.00,1677400.00,24.11,300,74.63
15344,Москва,Сочи,2017-07-04 17:05:00.000 +0300,421000.00,1064000.00,191200.00,5282600.00,1676200.00,24.09,308,76.62
28886,Пермь,Москва,2017-06-11 18:55:00.000 +0300,210000.00,1146600.00,318400.00,4128700.00,1675000.00,28.86,282,70.15
28919,Пермь,Москва,2017-06-02 18:55:00.000 +0300,245000.00,1146600.00,278600.00,4135700.00,1670200.00,28.77,283,70.40
10523,Москва,Екатеринбург,2017-07-14 12:50:00.000 +0300,344800.00,1080000.00,244000.00,5473600.00,1668800.00,23.36,309,76.87
6964,Москва,Пермь,2017-06-08 11:00:00.000 +0300,315000.00,1053000.00,298500.00,4139400.00,1666500.00,28.70,288,71.64
6935,Москва,Пермь,2017-07-10 11:00:00.000 +0300,210000.00,1076400.00,378100.00,4138100.00,1664500.00,28.69,285,70.90
28847,Пермь,Москва,2017-07-14 18:55:00.000 +0300,210000.00,1134900.00,318400.00,4143700.00,1663300.00,28.64,283,70.40
28877,Пермь,Москва,2017-08-02 18:55:00.000 +0300,245000.00,1099800.00,318400.00,4138300.00,1663200.00,28.67,285,70.90
6913,Москва,Пермь,2017-07-17 11:00:00.000 +0300,280000.00,1123200.00,258700.00,4142900.00,1661900.00,28.63,285,70.90
28876,Пермь,Москва,2017-06-28 18:55:00.000 +0300,315000.00,1006200.00,338300.00,4143100.00,1659500.00,28.60,290,72.14
21570,Екатеринбург,Москва,2017-06-13 08:10:00.000 +0300,387900.00,1123200.00,146400.00,5487700.00,1657500.00,23.20,309,76.87
6890,Москва,Пермь,2017-07-01 11:00:00.000 +0300,350000.00,1041300.00,258700.00,4157000.00,1650000.00,28.41,290,72.14
536,Москва,Новосибирск,2017-08-09 11:05:00.000 +0300,502200.00,1004400.00,142200.00,12205000.00,1648800.00,11.90,357,88.81
28831,Пермь,Москва,2017-06-17 18:55:00.000 +0300,245000.00,1041300.00,358200.00,4157000.00,1644500.00,28.35,288,71.64
21647,Екатеринбург,Москва,2017-07-23 08:10:00.000 +0300,129300.00,1094400.00,414800.00,5503900.00,1638500.00,22.94,306,76.12
15348,Москва,Сочи,2017-08-12 17:05:00.000 +0300,378900.00,924000.00,334600.00,5322700.00,1637500.00,23.53,313,77.86
19522,Новосибирск,Москва,2017-06-17 11:50:00.000 +0300,334800.00,1060200.00,237000.00,12224600.00,1632000.00,11.78,355,88.31
60703,Сочи,Москва,2017-07-06 18:15:00.000 +0300,168400.00,1176000.00,286800.00,5329000.00,1631200.00,23.44,302,75.12
6938,Москва,Пермь,2017-08-05 11:00:00.000 +0300,280000.00,1029600.00,318400.00,4174600.00,1628000.00,28.06,290,72.14
15356,Москва,Сочи,2017-07-29 17:05:00.000 +0300,210500.00,1106000.00,310700.00,5330200.00,1627200.00,23.39,305,75.87
10624,Москва,Екатеринбург,2017-06-02 12:50:00.000 +0300,258600.00,1051200.00,317200.00,5514000.00,1627000.00,22.78,310,77.11
60657,Сочи,Москва,2017-06-03 18:15:00.000 +0300,378900.00,1078000.00,167300.00,5336000.00,1624200.00,23.34,309,76.87
10546,Москва,Екатеринбург,2017-08-10 12:50:00.000 +0300,431000.00,993600.00,195200.00,5525400.00,1619800.00,22.67,315,78.36
21644,Екатеринбург,Москва,2017-07-25 08:10:00.000 +0300,301700.00,1022400.00,292800.00,5529700.00,1616900.00,22.62,312,77.61
15381,Москва,Сочи,2017-06-29 17:05:00.000 +0300,463100.00,910000.00,239000.00,5343900.00,1612100.00,23.18,316,78.61
10596,Москва,Екатеринбург,2017-05-27 12:50:00.000 +0300,215500.00,1123200.00,268400.00,5536700.00,1607100.00,22.50,308,76.62
60625,Сочи,Москва,2017-06-30 18:15:00.000 +0300,168400.00,1078000.00,358500.00,5355300.00,1604900.00,23.06,306,76.12
571,Москва,Новосибирск,2017-07-05 11:05:00.000 +0300,251100.00,1116000.00,237000.00,12249700.00,1604100.00,11.58,354,88.06
21597,Екатеринбург,Москва,2017-08-01 08:10:00.000 +0300,301700.00,1008000.00,292800.00,5544100.00,1602500.00,22.42,313,77.86
60711,Сочи,Москва,2017-07-10 18:15:00.000 +0300,210500.00,1008000.00,382400.00,5359300.00,1600900.00,23.00,309,76.87
21604,Екатеринбург,Москва,2017-06-15 08:10:00.000 +0300,215500.00,1137600.00,244000.00,5543900.00,1597100.00,22.37,308,76.62
21664,Екатеринбург,Москва,2017-07-05 08:10:00.000 +0300,301700.00,1051200.00,244000.00,5546900.00,1596900.00,22.35,312,77.61
60712,Сочи,Москва,2017-07-27 18:15:00.000 +0300,336800.00,994000.00,262900.00,5366500.00,1593700.00,22.90,312,77.61
6879,Москва,Пермь,2017-08-01 11:00:00.000 +0300,175000.00,1076400.00,338300.00,4215100.00,1589700.00,27.39,288,71.64
15320,Москва,Сочи,2017-06-09 17:05:00.000 +0300,252600.00,1050000.00,286800.00,5373600.00,1589400.00,22.83,309,76.87
6888,Москва,Пермь,2017-06-11 11:00:00.000 +0300,175000.00,1181700.00,218900.00,4229200.00,1575600.00,27.14,285,70.90
60720,Сочи,Москва,2017-07-13 18:15:00.000 +0300,294700.00,994000.00,286800.00,5384700.00,1575500.00,22.64,312,77.61
28892,Пермь,Москва,2017-07-03 18:55:00.000 +0300,280000.00,1076400.00,218900.00,4229500.00,1575300.00,27.14,291,72.39
60726,Сочи,Москва,2017-07-03 18:15:00.000 +0300,294700.00,1064000.00,215100.00,5385000.00,1573800.00,22.62,310,77.11
60631,Сочи,Москва,2017-07-09 18:15:00.000 +0300,252600.00,1008000.00,310700.00,5387500.00,1571300.00,22.58,311,77.36
588,Москва,Новосибирск,2017-06-29 11:05:00.000 +0300,418500.00,725400.00,426600.00,12283300.00,1570500.00,11.34,362,90.05
15337,Москва,Сочи,2017-07-24 17:05:00.000 +0300,421000.00,882000.00,262900.00,5394300.00,1565900.00,22.50,318,79.10
19496,Новосибирск,Москва,2017-07-06 11:50:00.000 +0300,334800.00,1088100.00,142200.00,12291500.00,1565100.00,11.29,356,88.56
21602,Екатеринбург,Москва,2017-06-26 08:10:00.000 +0300,301700.00,993600.00,268400.00,5577300.00,1563700.00,21.90,315,78.36
60637,Сочи,Москва,2017-06-21 18:15:00.000 +0300,252600.00,1022000.00,286800.00,5394600.00,1561400.00,22.45,311,77.36
21653,Екатеринбург,Москва,2017-06-19 08:10:00.000 +0300,172400.00,1022400.00,366000.00,5583000.00,1560800.00,21.85,312,77.61
60708,Сочи,Москва,2017-07-31 18:15:00.000 +0300,294700.00,924000.00,334600.00,5409700.00,1553300.00,22.31,315,78.36
28858,Пермь,Москва,2017-08-01 18:55:00.000 +0300,315000.00,1017900.00,218900.00,4255200.00,1551800.00,26.72,295,73.38
21588,Екатеринбург,Москва,2017-08-02 08:10:00.000 +0300,344800.00,907200.00,292800.00,5600400.00,1544800.00,21.62,319,79.35
6901,Москва,Пермь,2017-08-04 11:00:00.000 +0300,105000.00,1158300.00,278600.00,4262900.00,1541900.00,26.56,286,71.14
60635,Сочи,Москва,2017-06-28 18:15:00.000 +0300,336800.00,966000.00,239000.00,5418400.00,1541800.00,22.15,315,78.36
15379,Москва,Сочи,2017-06-12 17:05:00.000 +0300,168400.00,1036000.00,334600.00,5421200.00,1539000.00,22.11,310,77.11
15369,Москва,Сочи,2017-06-30 17:05:00.000 +0300,378900.00,868000.00,286800.00,5426500.00,1533700.00,22.04,319,79.35
60719,Сочи,Москва,2017-06-12 18:15:00.000 +0300,252600.00,994000.00,286800.00,5426800.00,1533400.00,22.03,313,77.86
15392,Москва,Сочи,2017-06-07 17:05:00.000 +0300,378900.00,938000.00,215100.00,5431000.00,1532000.00,22.00,317,78.86
60690,Сочи,Москва,2017-05-30 18:15:00.000 +0300,210500.00,1106000.00,215100.00,5427200.00,1531600.00,22.01,309,76.87
15368,Москва,Сочи,2017-06-15 17:05:00.000 +0300,294700.00,994000.00,239000.00,5429700.00,1527700.00,21.96,314,78.11
60704,Сочи,Москва,2017-08-01 18:15:00.000 +0300,252600.00,1036000.00,239000.00,5429800.00,1527600.00,21.96,312,77.61
60684,Сочи,Москва,2017-06-01 18:15:00.000 +0300,210500.00,1078000.00,239000.00,5431300.00,1527500.00,21.95,310,77.11
21631,Екатеринбург,Москва,2017-07-18 08:10:00.000 +0300,344800.00,936000.00,244000.00,5619000.00,1524800.00,21.34,319,79.35
28923,Пермь,Москва,2017-08-08 18:55:00.000 +0300,210000.00,1111500.00,199000.00,4285400.00,1520500.00,26.19,291,72.39
60656,Сочи,Москва,2017-07-01 18:15:00.000 +0300,210500.00,1022000.00,286800.00,5438100.00,1519300.00,21.84,312,77.61
60633,Сочи,Москва,2017-07-22 18:15:00.000 +0300,336800.00,868000.00,310700.00,5444700.00,1515500.00,21.77,319,79.35
15311,Москва,Сочи,2017-07-27 17:05:00.000 +0300,210500.00,994000.00,310700.00,5447800.00,1515200.00,21.76,313,77.86
506,Москва,Новосибирск,2017-07-30 11:05:00.000 +0300,251100.00,976500.00,284400.00,12347400.00,1512000.00,10.91,358,89.05
15303,Москва,Сочи,2017-05-28 17:05:00.000 +0300,336800.00,1050000.00,119500.00,5455300.00,1506300.00,21.64,314,78.11
60682,Сочи,Москва,2017-06-15 18:15:00.000 +0300,168400.00,1120000.00,215100.00,5456700.00,1503500.00,21.60,309,76.87
28866,Пермь,Москва,2017-06-16 18:55:00.000 +0300,280000.00,1041300.00,179100.00,4304400.00,1500400.00,25.85,296,73.63
21632,Екатеринбург,Москва,2017-06-04 08:10:00.000 +0300,301700.00,950400.00,244000.00,5649100.00,1496100.00,20.94,319,79.35
60658,Сочи,Москва,2017-08-07 18:15:00.000 +0300,421000.00,952000.00,119500.00,5469100.00,1492500.00,21.44,319,79.35
21591,Екатеринбург,Москва,2017-07-21 08:10:00.000 +0300,172400.00,1123200.00,195200.00,5651600.00,1490800.00,20.87,312,77.61
15371,Москва,Сочи,2017-06-03 17:05:00.000 +0300,336800.00,938000.00,215100.00,5470300.00,1489900.00,21.41,318,79.10
15347,Москва,Сочи,2017-06-08 17:05:00.000 +0300,294700.00,952000.00,239000.00,5475900.00,1485700.00,21.34,317,78.86
519,Москва,Новосибирск,2017-06-11 11:05:00.000 +0300,167400.00,1032300.00,284400.00,12372500.00,1484100.00,10.71,357,88.81
586,Москва,Новосибирск,2017-07-12 11:05:00.000 +0300,167400.00,1032300.00,284400.00,12372500.00,1484100.00,10.71,357,88.81
494,Москва,Новосибирск,2017-08-08 11:05:00.000 +0300,83700.00,1116000.00,284400.00,12369700.00,1484100.00,10.71,355,88.31
60645,Сочи,Москва,2017-07-05 18:15:00.000 +0300,294700.00,854000.00,334600.00,5478300.00,1483300.00,21.31,320,79.60
15398,Москва,Сочи,2017-07-25 17:05:00.000 +0300,421000.00,938000.00,119500.00,5483100.00,1478500.00,21.24,320,79.60
10572,Москва,Екатеринбург,2017-06-18 12:50:00.000 +0300,215500.00,1065600.00,195200.00,5666100.00,1476300.00,20.67,315,78.36
593,Москва,Новосибирск,2017-06-19 11:05:00.000 +0300,251100.00,892800.00,331800.00,12380900.00,1475700.00,10.65,360,89.55
10525,Москва,Екатеринбург,2017-07-31 12:50:00.000 +0300,258600.00,993600.00,219600.00,5667800.00,1471800.00,20.61,318,79.10
21660,Екатеринбург,Москва,2017-07-15 08:10:00.000 +0300,258600.00,993600.00,219600.00,5670600.00,1471800.00,20.61,318,79.10
10589,Москва,Екатеринбург,2017-05-28 12:50:00.000 +0300,301700.00,921600.00,244000.00,5670900.00,1467300.00,20.56,321,79.85
15382,Москва,Сочи,2017-08-01 17:05:00.000 +0300,378900.00,896000.00,191200.00,5492700.00,1466100.00,21.07,321,79.85
15384,Москва,Сочи,2017-07-30 17:05:00.000 +0300,336800.00,938000.00,191200.00,5494200.00,1466000.00,21.06,319,79.35
15318,Москва,Сочи,2017-05-29 17:05:00.000 +0300,252600.00,924000.00,286800.00,5492600.00,1463400.00,21.04,318,79.10
21562,Екатеринбург,Москва,2017-06-20 08:10:00.000 +0300,258600.00,936000.00,268400.00,5682200.00,1463000.00,20.48,320,79.60
15313,Москва,Сочи,2017-06-26 17:05:00.000 +0300,336800.00,910000.00,215100.00,5492700.00,1461900.00,21.02,320,79.60
15391,Москва,Сочи,2017-08-03 17:05:00.000 +0300,336800.00,910000.00,215100.00,5499700.00,1461900.00,21.00,320,79.60
15300,Москва,Сочи,2017-06-13 17:05:00.000 +0300,294700.00,952000.00,215100.00,5497000.00,1461800.00,21.01,318,79.10
60676,Сочи,Москва,2017-06-27 18:15:00.000 +0300,168400.00,1078000.00,215100.00,5497300.00,1461500.00,21.00,312,77.61
15375,Москва,Сочи,2017-07-14 17:05:00.000 +0300,168400.00,910000.00,382400.00,5498000.00,1460800.00,20.99,317,78.86
60714,Сочи,Москва,2017-08-02 18:15:00.000 +0300,252600.00,966000.00,239000.00,5502600.00,1457600.00,20.94,317,78.86
28827,Пермь,Москва,2017-07-09 18:55:00.000 +0300,245000.00,1053000.00,159200.00,4346500.00,1457200.00,25.11,297,73.88
60692,Сочи,Москва,2017-07-02 18:15:00.000 +0300,252600.00,910000.00,286800.00,5509400.00,1449400.00,20.83,319,79.35
15412,Москва,Сочи,2017-07-06 17:05:00.000 +0300,168400.00,994000.00,286800.00,5512400.00,1449200.00,20.82,315,78.36
21645,Екатеринбург,Москва,2017-07-06 08:10:00.000 +0300,215500.00,964800.00,268400.00,5693700.00,1448700.00,20.28,319,79.35
15370,Москва,Сочи,2017-06-22 17:05:00.000 +0300,210500.00,1092000.00,143400.00,5512900.00,1445900.00,20.78,313,77.86
21603,Екатеринбург,Москва,2017-07-22 08:10:00.000 +0300,172400.00,979200.00,292800.00,5700800.00,1444400.00,20.21,318,79.10
21563,Екатеринбург,Москва,2017-08-03 08:10:00.000 +0300,172400.00,979200.00,292800.00,5702200.00,1444400.00,20.21,318,79.10
21656,Екатеринбург,Москва,2017-06-01 08:10:00.000 +0300,172400.00,979200.00,292800.00,5696600.00,1444400.00,20.23,318,79.10
60729,Сочи,Москва,2017-07-17 18:15:00.000 +0300,126300.00,1078000.00,239000.00,5515500.00,1443300.00,20.74,312,77.61
21567,Екатеринбург,Москва,2017-07-17 08:10:00.000 +0300,301700.00,921600.00,219600.00,5700900.00,1442900.00,20.20,322,80.10
21629,Екатеринбург,Москва,2017-07-24 08:10:00.000 +0300,258600.00,864000.00,317200.00,5699800.00,1439800.00,20.17,323,80.35
15366,Москва,Сочи,2017-07-01 17:05:00.000 +0300,210500.00,966000.00,262900.00,5520800.00,1439400.00,20.68,317,78.86
10555,Москва,Екатеринбург,2017-08-02 12:50:00.000 +0300,258600.00,907200.00,268400.00,5711000.00,1434200.00,20.07,322,80.10
15346,Москва,Сочи,2017-08-06 17:05:00.000 +0300,336800.00,854000.00,239000.00,5530400.00,1429800.00,20.54,323,80.35
60620,Сочи,Москва,2017-08-04 18:15:00.000 +0300,210500.00,882000.00,334600.00,5535900.00,1427100.00,20.50,320,79.60
15364,Москва,Сочи,2017-08-02 17:05:00.000 +0300,294700.00,868000.00,262900.00,5530400.00,1425600.00,20.49,322,80.10
574,Москва,Новосибирск,2017-08-02 11:05:00.000 +0300,334800.00,948600.00,142200.00,12431000.00,1425600.00,10.29,361,89.80
15400,Москва,Сочи,2017-06-17 17:05:00.000 +0300,168400.00,966000.00,286800.00,5539000.00,1421200.00,20.42,317,78.86
10563,Москва,Екатеринбург,2017-05-26 12:50:00.000 +0300,172400.00,979200.00,268400.00,5723800.00,1420000.00,19.88,319,79.35
15414,Москва,Сочи,2017-07-19 17:05:00.000 +0300,294700.00,882000.00,239000.00,5543100.00,1415700.00,20.34,322,80.10
15387,Москва,Сочи,2017-06-27 17:05:00.000 +0300,168400.00,1008000.00,239000.00,5544800.00,1415400.00,20.34,316,78.61
15306,Москва,Сочи,2017-06-21 17:05:00.000 +0300,168400.00,910000.00,334600.00,5545800.00,1413000.00,20.31,319,79.35
19519,Новосибирск,Москва,2017-06-26 11:50:00.000 +0300,251100.00,781200.00,379200.00,12442300.00,1411500.00,10.19,363,90.30
60709,Сочи,Москва,2017-08-13 18:15:00.000 +0300,210500.00,1008000.00,191200.00,5550500.00,1409700.00,20.25,317,78.86
10608,Москва,Екатеринбург,2017-06-07 12:50:00.000 +0300,387900.00,820800.00,195200.00,5739900.00,1403900.00,19.65,328,81.59
15403,Москва,Сочи,2017-07-20 17:05:00.000 +0300,294700.00,798000.00,310700.00,5558200.00,1403400.00,20.16,325,80.85
15321,Москва,Сочи,2017-06-04 17:05:00.000 +0300,252600.00,910000.00,239000.00,5555800.00,1401600.00,20.15,321,79.85
21671,Екатеринбург,Москва,2017-06-14 08:10:00.000 +0300,215500.00,892800.00,292800.00,5741300.00,1401100.00,19.62,323,80.35
10601,Москва,Екатеринбург,2017-07-12 12:50:00.000 +0300,344800.00,835200.00,219600.00,5745600.00,1399600.00,19.59,327,81.34
28901,Пермь,Москва,2017-05-30 18:55:00.000 +0300,140000.00,959400.00,298500.00,4408000.00,1397900.00,24.08,301,74.88
21646,Екатеринбург,Москва,2017-06-16 08:10:00.000 +0300,301700.00,820800.00,268400.00,5752900.00,1390900.00,19.47,327,81.34
19551,Новосибирск,Москва,2017-07-26 11:50:00.000 +0300,334800.00,864900.00,189600.00,12464500.00,1389300.00,10.03,363,90.30
491,Москва,Новосибирск,2017-06-26 11:05:00.000 +0300,167400.00,1032300.00,189600.00,12467300.00,1389300.00,10.03,359,89.30
15308,Москва,Сочи,2017-08-13 17:05:00.000 +0300,126300.00,952000.00,310700.00,5571200.00,1389000.00,19.96,318,79.10
15365,Москва,Сочи,2017-07-23 17:05:00.000 +0300,294700.00,854000.00,239000.00,5573900.00,1387700.00,19.93,324,80.60
15350,Москва,Сочи,2017-06-20 17:05:00.000 +0300,294700.00,924000.00,167300.00,5574200.00,1386000.00,19.91,322,80.10
21601,Екатеринбург,Москва,2017-08-10 08:10:00.000 +0300,215500.00,950400.00,219600.00,5758300.00,1385500.00,19.39,322,80.10
15324,Москва,Сочи,2017-07-07 17:05:00.000 +0300,378900.00,882000.00,119500.00,5575600.00,1380400.00,19.84,325,80.85
10581,Москва,Екатеринбург,2017-06-03 12:50:00.000 +0300,344800.00,907200.00,122000.00,5765600.00,1374000.00,19.24,326,81.09
15360,Москва,Сочи,2017-06-16 17:05:00.000 +0300,210500.00,924000.00,239000.00,5586700.00,1373500.00,19.73,321,79.85
604,Москва,Новосибирск,2017-07-26 11:05:00.000 +0300,83700.00,1004400.00,284400.00,12481300.00,1372500.00,9.91,359,89.30
15340,Москва,Сочи,2017-08-08 17:05:00.000 +0300,294700.00,910000.00,167300.00,5588200.00,1372000.00,19.71,323,80.35
10588,Москва,Екатеринбург,2017-07-18 12:50:00.000 +0300,301700.00,849600.00,219600.00,5768700.00,1370900.00,19.20,327,81.34
21642,Екатеринбург,Москва,2017-07-01 08:10:00.000 +0300,215500.00,835200.00,317200.00,5775900.00,1367900.00,19.15,326,81.09
21555,Екатеринбург,Москва,2017-06-08 08:10:00.000 +0300,129300.00,964800.00,268400.00,5781300.00,1362500.00,19.07,321,79.85
60662,Сочи,Москва,2017-07-30 18:15:00.000 +0300,252600.00,966000.00,143400.00,5596800.00,1362000.00,19.57,321,79.85
60674,Сочи,Москва,2017-07-29 18:15:00.000 +0300,252600.00,938000.00,167300.00,5599500.00,1357900.00,19.52,322,80.10
15376,Москва,Сочи,2017-08-04 17:05:00.000 +0300,252600.00,910000.00,191200.00,5606400.00,1353800.00,19.45,323,80.35
60647,Сочи,Москва,2017-06-10 18:15:00.000 +0300,252600.00,812000.00,286800.00,5608800.00,1351400.00,19.42,326,81.09
60651,Сочи,Москва,2017-06-14 18:15:00.000 +0300,168400.00,896000.00,286800.00,5610400.00,1351200.00,19.41,322,80.10
21663,Екатеринбург,Москва,2017-08-09 08:10:00.000 +0300,387900.00,792000.00,170800.00,5795900.00,1350700.00,18.90,331,82.34
60663,Сочи,Москва,2017-07-12 18:15:00.000 +0300,252600.00,882000.00,215100.00,5606300.00,1349700.00,19.40,324,80.60
21556,Екатеринбург,Москва,2017-06-03 08:10:00.000 +0300,344800.00,907200.00,97600.00,5795600.00,1349600.00,18.89,327,81.34
21615,Екатеринбург,Москва,2017-06-27 08:10:00.000 +0300,517200.00,734400.00,97600.00,5797400.00,1349200.00,18.88,335,83.33
15339,Москва,Сочи,2017-06-06 17:05:00.000 +0300,210500.00,826000.00,310700.00,5615800.00,1347200.00,19.35,325,80.85
10515,Москва,Екатеринбург,2017-06-15 12:50:00.000 +0300,258600.00,864000.00,219600.00,5800200.00,1342200.00,18.79,327,81.34
10508,Москва,Екатеринбург,2017-06-16 12:50:00.000 +0300,301700.00,892800.00,146400.00,5800100.00,1340900.00,18.78,327,81.34
21606,Екатеринбург,Москва,2017-06-07 08:10:00.000 +0300,215500.00,806400.00,317200.00,5801900.00,1339100.00,18.75,328,81.59
21599,Екатеринбург,Москва,2017-05-30 08:10:00.000 +0300,129300.00,964800.00,244000.00,5807100.00,1338100.00,18.73,322,80.10
10513,Москва,Екатеринбург,2017-07-07 12:50:00.000 +0300,215500.00,878400.00,244000.00,5800300.00,1337900.00,18.74,326,81.09
15353,Москва,Сочи,2017-07-08 17:05:00.000 +0300,126300.00,924000.00,286800.00,5621700.00,1337100.00,19.21,321,79.85
15401,Москва,Сочи,2017-07-13 17:05:00.000 +0300,126300.00,924000.00,286800.00,5623100.00,1337100.00,19.21,321,79.85
15316,Москва,Сочи,2017-08-10 17:05:00.000 +0300,168400.00,952000.00,215100.00,5624700.00,1335500.00,19.19,321,79.85
60723,Сочи,Москва,2017-05-31 18:15:00.000 +0300,378900.00,812000.00,143400.00,5627300.00,1334300.00,19.17,329,81.84
10571,Москва,Екатеринбург,2017-06-17 12:50:00.000 +0300,172400.00,892800.00,268400.00,5810200.00,1333600.00,18.67,325,80.85
60707,Сочи,Москва,2017-06-29 18:15:00.000 +0300,294700.00,966000.00,71700.00,5625000.00,1332400.00,19.15,323,80.35
60685,Сочи,Москва,2017-06-19 18:15:00.000 +0300,252600.00,840000.00,239000.00,5627200.00,1331600.00,19.14,326,81.09
60650,Сочи,Москва,2017-07-16 18:15:00.000 +0300,168400.00,924000.00,239000.00,5626000.00,1331400.00,19.14,322,80.10
10587,Москва,Екатеринбург,2017-07-11 12:50:00.000 +0300,258600.00,950400.00,122000.00,5812800.00,1331000.00,18.63,325,80.85
10583,Москва,Екатеринбург,2017-06-19 12:50:00.000 +0300,301700.00,907200.00,122000.00,5812900.00,1330900.00,18.63,327,81.34
60671,Сочи,Москва,2017-06-02 18:15:00.000 +0300,210500.00,952000.00,167300.00,5629000.00,1329800.00,19.11,322,80.10
15408,Москва,Сочи,2017-07-18 17:05:00.000 +0300,210500.00,952000.00,167300.00,5629000.00,1329800.00,19.11,322,80.10
21648,Екатеринбург,Москва,2017-06-02 08:10:00.000 +0300,301700.00,734400.00,292800.00,5816300.00,1328900.00,18.60,332,82.59
15355,Москва,Сочи,2017-06-28 17:05:00.000 +0300,294700.00,840000.00,191200.00,5634300.00,1325900.00,19.05,327,81.34
60698,Сочи,Москва,2017-07-21 18:15:00.000 +0300,210500.00,994000.00,119500.00,5632000.00,1324000.00,19.03,321,79.85
21640,Екатеринбург,Москва,2017-06-10 08:10:00.000 +0300,215500.00,864000.00,244000.00,5820300.00,1323500.00,18.53,327,81.34
21635,Екатеринбург,Москва,2017-06-18 08:10:00.000 +0300,86200.00,964800.00,268400.00,5825800.00,1319400.00,18.47,322,80.10
21661,Екатеринбург,Москва,2017-07-28 08:10:00.000 +0300,258600.00,792000.00,268400.00,5826200.00,1319000.00,18.46,330,82.09
10537,Москва,Екатеринбург,2017-07-17 12:50:00.000 +0300,258600.00,864000.00,195200.00,5823200.00,1317800.00,18.45,328,81.59
10620,Москва,Екатеринбург,2017-07-15 12:50:00.000 +0300,129300.00,892800.00,292800.00,5831700.00,1314900.00,18.40,325,80.85
21584,Екатеринбург,Москва,2017-07-09 08:10:00.000 +0300,258600.00,835200.00,219600.00,5824800.00,1313400.00,18.40,329,81.84
15314,Москва,Сочи,2017-06-01 17:05:00.000 +0300,210500.00,840000.00,262900.00,5645400.00,1313400.00,18.87,326,81.09
10561,Москва,Екатеринбург,2017-05-29 12:50:00.000 +0300,172400.00,820800.00,317200.00,5830600.00,1310400.00,18.35,328,81.59
10528,Москва,Екатеринбург,2017-06-06 12:50:00.000 +0300,301700.00,806400.00,195200.00,5841900.00,1303300.00,18.24,331,82.34
21558,Екатеринбург,Москва,2017-08-05 08:10:00.000 +0300,215500.00,792000.00,292800.00,5846300.00,1300300.00,18.19,330,82.09
21634,Екатеринбург,Москва,2017-06-09 08:10:00.000 +0300,172400.00,907200.00,219600.00,5841800.00,1299200.00,18.19,326,81.09
10591,Москва,Екатеринбург,2017-06-05 12:50:00.000 +0300,301700.00,777600.00,219600.00,5844900.00,1298900.00,18.18,332,82.59
489,Москва,Новосибирск,2017-08-13 11:05:00.000 +0300,251100.00,809100.00,237000.00,12562200.00,1297200.00,9.36,365,90.80
21583,Екатеринбург,Москва,2017-07-12 08:10:00.000 +0300,215500.00,806400.00,268400.00,5853500.00,1290300.00,18.06,330,82.09
21560,Екатеринбург,Москва,2017-07-08 08:10:00.000 +0300,301700.00,792000.00,195200.00,5853500.00,1288900.00,18.05,332,82.59
15299,Москва,Сочи,2017-06-05 17:05:00.000 +0300,210500.00,812000.00,262900.00,5676200.00,1285400.00,18.46,328,81.59
21652,Екатеринбург,Москва,2017-08-06 08:10:00.000 +0300,215500.00,820800.00,244000.00,5860700.00,1280300.00,17.93,330,82.09
15358,Москва,Сочи,2017-07-21 17:05:00.000 +0300,126300.00,1008000.00,143400.00,5682500.00,1277700.00,18.36,321,79.85
10532,Москва,Екатеринбург,2017-06-10 12:50:00.000 +0300,258600.00,748800.00,268400.00,5868000.00,1275800.00,17.86,333,82.84
10516,Москва,Екатеринбург,2017-06-29 12:50:00.000 +0300,301700.00,777600.00,195200.00,5870700.00,1274500.00,17.84,333,82.84
60716,Сочи,Москва,2017-08-11 18:15:00.000 +0300,168400.00,840000.00,262900.00,5688900.00,1271300.00,18.27,327,81.34
10560,Москва,Екатеринбург,2017-06-01 12:50:00.000 +0300,172400.00,878400.00,219600.00,5873400.00,1270400.00,17.78,328,81.59
10578,Москва,Екатеринбург,2017-08-09 12:50:00.000 +0300,215500.00,835200.00,219600.00,5872100.00,1270300.00,17.79,330,82.09
10522,Москва,Екатеринбург,2017-06-30 12:50:00.000 +0300,215500.00,835200.00,219600.00,5870700.00,1270300.00,17.79,330,82.09
561,Москва,Новосибирск,2017-06-08 11:05:00.000 +0300,83700.00,948600.00,237000.00,12590100.00,1269300.00,9.16,362,90.05
15307,Москва,Сочи,2017-06-18 17:05:00.000 +0300,210500.00,938000.00,119500.00,5693600.00,1268000.00,18.21,325,80.85
15331,Москва,Сочи,2017-07-09 17:05:00.000 +0300,336800.00,784000.00,143400.00,5690400.00,1264200.00,18.18,332,82.59
602,Москва,Новосибирск,2017-06-03 11:05:00.000 +0300,167400.00,809100.00,284400.00,12592900.00,1260900.00,9.10,365,90.80
508,Москва,Новосибирск,2017-07-31 11:05:00.000 +0300,167400.00,809100.00,284400.00,12598500.00,1260900.00,9.10,365,90.80
10607,Москва,Екатеринбург,2017-06-27 12:50:00.000 +0300,172400.00,892800.00,195200.00,5886200.00,1260400.00,17.64,328,81.59
513,Москва,Новосибирск,2017-07-07 11:05:00.000 +0300,251100.00,864900.00,142200.00,12595600.00,1258200.00,9.08,365,90.80
15394,Москва,Сочи,2017-08-09 17:05:00.000 +0300,294700.00,700000.00,262900.00,5699800.00,1257600.00,18.08,334,83.08
21620,Екатеринбург,Москва,2017-07-20 08:10:00.000 +0300,431000.00,532800.00,292800.00,5885800.00,1256600.00,17.59,343,85.32
15310,Москва,Сочи,2017-07-15 17:05:00.000 +0300,168400.00,896000.00,191200.00,5704600.00,1255600.00,18.04,326,81.09
21566,Екатеринбург,Москва,2017-08-11 08:10:00.000 +0300,129300.00,878400.00,244000.00,5892100.00,1251700.00,17.52,328,81.59
21612,Екатеринбург,Москва,2017-08-14 08:10:00.000 +0300,129300.00,878400.00,244000.00,5892100.00,1251700.00,17.52,328,81.59
15363,Москва,Сочи,2017-07-31 17:05:00.000 +0300,210500.00,826000.00,215100.00,5708600.00,1251600.00,17.98,329,81.84
10517,Москва,Екатеринбург,2017-08-01 12:50:00.000 +0300,258600.00,748800.00,244000.00,5889600.00,1251400.00,17.52,334,83.08
10573,Москва,Екатеринбург,2017-07-27 12:50:00.000 +0300,172400.00,907200.00,170800.00,5887800.00,1250400.00,17.52,328,81.59
15389,Москва,Сочи,2017-07-16 17:05:00.000 +0300,210500.00,896000.00,143400.00,5710300.00,1249900.00,17.96,327,81.34
526,Москва,Новосибирск,2017-06-09 11:05:00.000 +0300,83700.00,976500.00,189600.00,12606800.00,1249800.00,9.02,362,90.05
19582,Новосибирск,Москва,2017-07-16 11:50:00.000 +0300,0.00,1060200.00,189600.00,12606800.00,1249800.00,9.02,360,89.55
15338,Москва,Сочи,2017-07-26 17:05:00.000 +0300,210500.00,770000.00,262900.00,5716800.00,1243400.00,17.86,331,82.34
10609,Москва,Екатеринбург,2017-06-25 12:50:00.000 +0300,172400.00,777600.00,292800.00,5902400.00,1242800.00,17.39,332,82.59
21636,Екатеринбург,Москва,2017-06-22 08:10:00.000 +0300,86200.00,979200.00,170800.00,5906200.00,1236200.00,17.31,325,80.85
21608,Екатеринбург,Москва,2017-07-29 08:10:00.000 +0300,172400.00,892800.00,170800.00,5910600.00,1236000.00,17.29,329,81.84
15333,Москва,Сочи,2017-06-19 17:05:00.000 +0300,168400.00,756000.00,310700.00,5726500.00,1235100.00,17.74,331,82.34
15395,Москва,Сочи,2017-06-02 17:05:00.000 +0300,126300.00,868000.00,239000.00,5728300.00,1233300.00,17.72,327,81.34
19560,Новосибирск,Москва,2017-06-13 11:50:00.000 +0300,167400.00,781200.00,284400.00,12623600.00,1233000.00,8.90,366,91.04
15359,Москва,Сочи,2017-07-11 17:05:00.000 +0300,252600.00,812000.00,167300.00,5729700.00,1231900.00,17.70,331,82.34
10611,Москва,Екатеринбург,2017-06-20 12:50:00.000 +0300,215500.00,820800.00,195200.00,5912300.00,1231500.00,17.24,332,82.59
60730,Сочи,Москва,2017-06-22 18:15:00.000 +0300,84200.00,952000.00,191200.00,5731400.00,1227400.00,17.64,324,80.60
21610,Екатеринбург,Москва,2017-07-27 08:10:00.000 +0300,172400.00,835200.00,219600.00,5913800.00,1227200.00,17.19,331,82.34
21561,Екатеринбург,Москва,2017-08-07 08:10:00.000 +0300,215500.00,792000.00,219600.00,5918100.00,1227100.00,17.17,333,82.84
10615,Москва,Екатеринбург,2017-07-16 12:50:00.000 +0300,129300.00,921600.00,170800.00,5922100.00,1221700.00,17.10,328,81.59
15341,Москва,Сочи,2017-08-14 17:05:00.000 +0300,126300.00,952000.00,143400.00,5738500.00,1221700.00,17.55,325,80.85
15357,Москва,Сочи,2017-06-23 17:05:00.000 +0300,210500.00,840000.00,167300.00,5738200.00,1217800.00,17.51,330,82.09
21614,Екатеринбург,Москва,2017-07-19 08:10:00.000 +0300,215500.00,806400.00,195200.00,5925300.00,1217100.00,17.04,333,82.84
10536,Москва,Екатеринбург,2017-06-11 12:50:00.000 +0300,258600.00,763200.00,195200.00,5928200.00,1217000.00,17.03,335,83.33
60640,Сочи,Москва,2017-06-18 18:15:00.000 +0300,294700.00,826000.00,95600.00,5742500.00,1216300.00,17.48,332,82.59
60659,Сочи,Москва,2017-06-20 18:15:00.000 +0300,168400.00,854000.00,191200.00,5748000.00,1213600.00,17.43,329,81.84
19529,Новосибирск,Москва,2017-07-01 11:50:00.000 +0300,167400.00,809100.00,237000.00,12645900.00,1213500.00,8.76,366,91.04
10595,Москва,Екатеринбург,2017-08-13 12:50:00.000 +0300,172400.00,820800.00,219600.00,5928200.00,1212800.00,16.98,332,82.59
21649,Екатеринбург,Москва,2017-05-29 08:10:00.000 +0300,86200.00,979200.00,146400.00,5933400.00,1211800.00,16.96,326,81.09
15352,Москва,Сочи,2017-07-17 17:05:00.000 +0300,126300.00,840000.00,239000.00,5756300.00,1205300.00,17.31,329,81.84
60654,Сочи,Москва,2017-07-28 18:15:00.000 +0300,294700.00,742000.00,167300.00,5754800.00,1204000.00,17.30,335,83.33
21613,Екатеринбург,Москва,2017-07-16 08:10:00.000 +0300,172400.00,907200.00,122000.00,5943600.00,1201600.00,16.82,330,82.09
15367,Москва,Сочи,2017-05-30 17:05:00.000 +0300,336800.00,672000.00,191200.00,5760200.00,1200000.00,17.24,338,84.08
21668,Екатеринбург,Москва,2017-07-30 08:10:00.000 +0300,129300.00,849600.00,219600.00,5943900.00,1198500.00,16.78,331,82.34
10619,Москва,Екатеринбург,2017-08-11 12:50:00.000 +0300,129300.00,820800.00,244000.00,5946900.00,1194100.00,16.72,332,82.59
522,Москва,Новосибирск,2017-06-22 11:05:00.000 +0300,83700.00,920700.00,189600.00,12651400.00,1194000.00,8.62,364,90.55
21627,Екатеринбург,Москва,2017-06-21 08:10:00.000 +0300,258600.00,763200.00,170800.00,5952600.00,1192600.00,16.69,336,83.58
21573,Екатеринбург,Москва,2017-06-11 08:10:00.000 +0300,129300.00,792000.00,268400.00,5952700.00,1189700.00,16.66,333,82.84
15349,Москва,Сочи,2017-07-02 17:05:00.000 +0300,252600.00,812000.00,119500.00,5773300.00,1184100.00,17.02,333,82.84
10597,Москва,Екатеринбург,2017-07-20 12:50:00.000 +0300,172400.00,792000.00,219600.00,5961200.00,1184000.00,16.57,334,83.08
10547,Москва,Екатеринбург,2017-06-23 12:50:00.000 +0300,301700.00,734400.00,146400.00,5962700.00,1182500.00,16.55,338,84.08
10538,Москва,Екатеринбург,2017-08-03 12:50:00.000 +0300,301700.00,734400.00,146400.00,5961300.00,1182500.00,16.55,338,84.08
60614,Сочи,Москва,2017-06-08 18:15:00.000 +0300,294700.00,742000.00,143400.00,5782900.00,1180100.00,16.95,336,83.58
10531,Москва,Екатеринбург,2017-05-31 12:50:00.000 +0300,215500.00,720000.00,244000.00,5964300.00,1179500.00,16.51,337,83.83
10625,Москва,Екатеринбург,2017-06-12 12:50:00.000 +0300,215500.00,792000.00,170800.00,5964100.00,1178300.00,16.50,335,83.33
21619,Екатеринбург,Москва,2017-06-05 08:10:00.000 +0300,215500.00,864000.00,97600.00,5961100.00,1177100.00,16.49,333,82.84
10600,Москва,Екатеринбург,2017-05-30 12:50:00.000 +0300,258600.00,820800.00,97600.00,5965400.00,1177000.00,16.48,335,83.33
10590,Москва,Екатеринбург,2017-06-28 12:50:00.000 +0300,172400.00,734400.00,268400.00,5964400.00,1175200.00,16.46,336,83.58
15345,Москва,Сочи,2017-07-03 17:05:00.000 +0300,252600.00,728000.00,191200.00,5788400.00,1171800.00,16.84,336,83.58
10628,Москва,Екатеринбург,2017-07-04 12:50:00.000 +0300,172400.00,777600.00,219600.00,5972800.00,1169600.00,16.38,335,83.33
15397,Москва,Сочи,2017-05-31 17:05:00.000 +0300,336800.00,686000.00,143400.00,5795400.00,1166200.00,16.75,339,84.33
10550,Москва,Екатеринбург,2017-07-01 12:50:00.000 +0300,172400.00,748800.00,244000.00,5981400.00,1165200.00,16.30,336,83.58
15317,Москва,Сочи,2017-08-05 17:05:00.000 +0300,168400.00,756000.00,239000.00,5795400.00,1163400.00,16.72,334,83.08
60689,Сочи,Москва,2017-07-19 18:15:00.000 +0300,126300.00,798000.00,239000.00,5794100.00,1163300.00,16.72,332,82.59
21578,Екатеринбург,Москва,2017-07-07 08:10:00.000 +0300,301700.00,662400.00,195200.00,5987300.00,1159300.00,16.22,341,84.83
10570,Москва,Екатеринбург,2017-06-13 12:50:00.000 +0300,258600.00,777600.00,122000.00,5984200.00,1158200.00,16.22,337,83.83
21625,Екатеринбург,Москва,2017-08-12 08:10:00.000 +0300,301700.00,705600.00,146400.00,5991500.00,1153700.00,16.15,340,84.58
15298,Москва,Сочи,2017-07-22 17:05:00.000 +0300,210500.00,728000.00,215100.00,5806600.00,1153600.00,16.57,336,83.58
21564,Екатеринбург,Москва,2017-07-03 08:10:00.000 +0300,344800.00,662400.00,146400.00,5993000.00,1153600.00,16.14,342,85.07
21618,Екатеринбург,Москва,2017-07-26 08:10:00.000 +0300,215500.00,691200.00,244000.00,5990300.00,1150700.00,16.11,339,84.33
10594,Москва,Екатеринбург,2017-08-04 12:50:00.000 +0300,258600.00,720000.00,170800.00,5997200.00,1149400.00,16.08,339,84.33
21641,Екатеринбург,Москва,2017-06-23 08:10:00.000 +0300,215500.00,734400.00,195200.00,5998700.00,1145100.00,16.03,338,84.08
10554,Москва,Екатеринбург,2017-07-22 12:50:00.000 +0300,215500.00,705600.00,219600.00,6000300.00,1140700.00,15.97,339,84.33
21672,Екатеринбург,Москва,2017-07-11 08:10:00.000 +0300,215500.00,748800.00,170800.00,6005900.00,1135100.00,15.90,338,84.08
21637,Екатеринбург,Москва,2017-07-13 08:10:00.000 +0300,258600.00,676800.00,195200.00,6011800.00,1130600.00,15.83,341,84.83
10613,Москва,Екатеринбург,2017-06-14 12:50:00.000 +0300,258600.00,748800.00,122000.00,6013000.00,1129400.00,15.81,339,84.33
15413,Москва,Сочи,2017-07-10 17:05:00.000 +0300,252600.00,756000.00,119500.00,5832100.00,1128100.00,16.21,337,83.83
15373,Москва,Сочи,2017-08-07 17:05:00.000 +0300,252600.00,756000.00,119500.00,5833500.00,1128100.00,16.20,337,83.83
60681,Сочи,Москва,2017-07-07 18:15:00.000 +0300,252600.00,756000.00,119500.00,5829300.00,1128100.00,16.21,337,83.83
10623,Москва,Екатеринбург,2017-07-29 12:50:00.000 +0300,258600.00,576000.00,292800.00,6016400.00,1127400.00,15.78,344,85.57
21598,Екатеринбург,Москва,2017-05-31 08:10:00.000 +0300,172400.00,777600.00,170800.00,6023000.00,1120800.00,15.69,337,83.83
60634,Сочи,Москва,2017-08-10 18:15:00.000 +0300,168400.00,784000.00,167300.00,5841900.00,1119700.00,16.08,335,83.33
10514,Москва,Екатеринбург,2017-07-21 12:50:00.000 +0300,215500.00,705600.00,195200.00,6028900.00,1116300.00,15.62,340,84.58
21626,Екатеринбург,Москва,2017-07-14 08:10:00.000 +0300,215500.00,676800.00,219600.00,6033300.00,1111900.00,15.56,341,84.83
60629,Сочи,Москва,2017-07-25 18:15:00.000 +0300,210500.00,756000.00,143400.00,5848900.00,1109900.00,15.95,337,83.83
10511,Москва,Екатеринбург,2017-06-09 12:50:00.000 +0300,129300.00,734400.00,244000.00,6034700.00,1107700.00,15.51,338,84.08
10549,Москва,Екатеринбург,2017-07-05 12:50:00.000 +0300,129300.00,806400.00,170800.00,6037300.00,1106500.00,15.49,336,83.58
21569,Екатеринбург,Москва,2017-06-29 08:10:00.000 +0300,301700.00,705600.00,97600.00,6040300.00,1104900.00,15.46,342,85.07
15411,Москва,Сочи,2017-07-05 17:05:00.000 +0300,210500.00,700000.00,191200.00,5857100.00,1101700.00,15.83,339,84.33
21572,Екатеринбург,Москва,2017-07-02 08:10:00.000 +0300,43100.00,835200.00,219600.00,6044500.00,1097900.00,15.37,334,83.08
10562,Москва,Екатеринбург,2017-07-08 12:50:00.000 +0300,86200.00,792000.00,219600.00,6047400.00,1097800.00,15.36,336,83.58
10535,Москва,Екатеринбург,2017-07-25 12:50:00.000 +0300,172400.00,748800.00,170800.00,6051800.00,1092000.00,15.29,339,84.33
10518,Москва,Екатеринбург,2017-06-04 12:50:00.000 +0300,301700.00,561600.00,219600.00,6062300.00,1082900.00,15.16,347,86.32
10548,Москва,Екатеринбург,2017-08-14 12:50:00.000 +0300,172400.00,590400.00,317200.00,6059600.00,1080000.00,15.13,344,85.57
21607,Екатеринбург,Москва,2017-06-28 08:10:00.000 +0300,172400.00,734400.00,170800.00,6067600.00,1077600.00,15.08,340,84.58
15342,Москва,Сочи,2017-06-10 17:05:00.000 +0300,84200.00,840000.00,143400.00,5894000.00,1067600.00,15.34,334,83.08
10539,Москва,Екатеринбург,2017-08-12 12:50:00.000 +0300,172400.00,820800.00,73200.00,6077400.00,1066400.00,14.93,338,84.08
19506,Новосибирск,Москва,2017-07-08 11:50:00.000 +0300,418500.00,502200.00,142200.00,12793700.00,1062900.00,7.67,376,93.53
10553,Москва,Екатеринбург,2017-06-08 12:50:00.000 +0300,301700.00,590400.00,170800.00,6082300.00,1062900.00,14.88,347,86.32
10526,Москва,Екатеринбург,2017-07-09 12:50:00.000 +0300,258600.00,705600.00,97600.00,6083400.00,1061800.00,14.86,343,85.32
60632,Сочи,Москва,2017-06-16 18:15:00.000 +0300,168400.00,770000.00,119500.00,5899500.00,1057900.00,15.21,338,84.08
21565,Екатеринбург,Москва,2017-06-17 08:10:00.000 +0300,86200.00,763200.00,195200.00,6102000.00,1044600.00,14.62,339,84.33
10574,Москва,Екатеринбург,2017-07-03 12:50:00.000 +0300,258600.00,561600.00,219600.00,6102600.00,1039800.00,14.56,348,86.57
60628,Сочи,Москва,2017-08-09 18:15:00.000 +0300,168400.00,700000.00,167300.00,5921700.00,1035700.00,14.89,341,84.83
21662,Екатеринбург,Москва,2017-08-08 08:10:00.000 +0300,129300.00,662400.00,244000.00,6108100.00,1035700.00,14.50,343,85.32
21617,Екатеринбург,Москва,2017-06-12 08:10:00.000 +0300,86200.00,777600.00,170800.00,6110600.00,1034600.00,14.48,339,84.33
60713,Сочи,Москва,2017-07-14 18:15:00.000 +0300,210500.00,700000.00,119500.00,5928800.00,1030000.00,14.80,342,85.07
15378,Москва,Сочи,2017-06-14 17:05:00.000 +0300,168400.00,686000.00,167300.00,5938500.00,1021700.00,14.68,342,85.07
10564,Москва,Екатеринбург,2017-08-05 12:50:00.000 +0300,172400.00,676800.00,170800.00,6121000.00,1020000.00,14.28,344,85.57
15332,Москва,Сочи,2017-06-11 17:05:00.000 +0300,210500.00,784000.00,23900.00,5941800.00,1018400.00,14.63,340,84.58
10603,Москва,Екатеринбург,2017-06-21 12:50:00.000 +0300,129300.00,619200.00,268400.00,6128300.00,1016900.00,14.23,345,85.82
10524,Москва,Екатеринбург,2017-07-24 12:50:00.000 +0300,172400.00,720000.00,122000.00,6128000.00,1014400.00,14.20,343,85.32
10510,Москва,Екатеринбург,2017-08-07 12:50:00.000 +0300,301700.00,590400.00,122000.00,6131100.00,1014100.00,14.19,349,86.82
10606,Москва,Екатеринбург,2017-06-26 12:50:00.000 +0300,258600.00,705600.00,48800.00,6132200.00,1013000.00,14.18,345,85.82
10592,Москва,Екатеринбург,2017-08-15 12:50:00.000 +0300,86200.00,720000.00,195200.00,6141000.00,1001400.00,14.02,342,85.07
21622,Екатеринбург,Москва,2017-08-15 08:10:00.000 +0300,172400.00,633600.00,195200.00,6144000.00,1001200.00,14.01,346,86.07
10569,Москва,Екатеринбург,2017-07-10 12:50:00.000 +0300,215500.00,590400.00,195200.00,6145500.00,1001100.00,14.01,348,86.57
60624,Сочи,Москва,2017-07-11 18:15:00.000 +0300,168400.00,658000.00,167300.00,5965100.00,993700.00,14.28,344,85.57
10527,Москва,Екатеринбург,2017-07-02 12:50:00.000 +0300,258600.00,633600.00,97600.00,6152600.00,989800.00,13.86,348,86.57
60686,Сочи,Москва,2017-08-03 18:15:00.000 +0300,210500.00,728000.00,47800.00,5971100.00,986300.00,14.18,343,85.32
10530,Москва,Екатеринбург,2017-06-24 12:50:00.000 +0300,215500.00,619200.00,146400.00,6165500.00,981100.00,13.73,348,86.57
21595,Екатеринбург,Москва,2017-07-10 08:10:00.000 +0300,129300.00,648000.00,195200.00,6172700.00,972500.00,13.61,346,86.07
10585,Москва,Екатеринбург,2017-06-22 12:50:00.000 +0300,129300.00,792000.00,48800.00,6175100.00,970100.00,13.58,342,85.07
15335,Москва,Сочи,2017-06-25 17:05:00.000 +0300,168400.00,658000.00,143400.00,5989000.00,969800.00,13.94,345,85.82
10519,Москва,Екатеринбург,2017-07-13 12:50:00.000 +0300,86200.00,734400.00,146400.00,6178200.00,967000.00,13.53,343,85.32
15404,Москва,Сочи,2017-08-11 17:05:00.000 +0300,210500.00,658000.00,95600.00,5996100.00,964100.00,13.85,346,86.07
10551,Москва,Екатеринбург,2017-08-08 12:50:00.000 +0300,129300.00,662400.00,170800.00,6178500.00,962500.00,13.48,346,86.07
10610,Москва,Екатеринбург,2017-07-28 12:50:00.000 +0300,86200.00,691200.00,170800.00,6197000.00,948200.00,13.27,345,85.82
60669,Сочи,Москва,2017-06-04 18:15:00.000 +0300,168400.00,588000.00,191200.00,6011200.00,947600.00,13.62,348,86.57
21633,Екатеринбург,Москва,2017-07-31 08:10:00.000 +0300,43100.00,777600.00,122000.00,6202500.00,942700.00,13.19,342,85.07
19509,Новосибирск,Москва,2017-08-12 11:50:00.000 +0300,167400.00,669600.00,94800.00,12927600.00,931800.00,6.72,374,93.03
10618,Москва,Екатеринбург,2017-08-06 12:50:00.000 +0300,129300.00,734400.00,48800.00,6231300.00,912500.00,12.77,346,86.07
10602,Москва,Екатеринбург,2017-07-30 12:50:00.000 +0300,43100.00,720000.00,146400.00,6237100.00,909500.00,12.73,345,85.82
10558,Москва,Екатеринбург,2017-07-19 12:50:00.000 +0300,172400.00,561600.00,170800.00,6241800.00,904800.00,12.66,352,87.56
15396,Москва,Сочи,2017-06-24 17:05:00.000 +0300,168400.00,588000.00,143400.00,6060400.00,899800.00,12.93,350,87.06
15386,Москва,Сочи,2017-07-28 17:05:00.000 +0300,84200.00,602000.00,191200.00,6084200.00,877400.00,12.60,349,86.82
10556,Москва,Екатеринбург,2017-07-23 12:50:00.000 +0300,86200.00,590400.00,146400.00,6319400.00,823000.00,11.52,353,87.81
10621,Москва,Екатеринбург,2017-07-06 12:50:00.000 +0300,172400.00,489600.00,146400.00,6338200.00,808400.00,11.31,358,89.05
543,Москва,Новосибирск,2017-07-16 11:05:00.000 +0300,0.00,502200.00,142200.00,13212200.00,644400.00,4.65,381,94.78
